price,qty,buy_id,sell_id,timestamp
267.3,1,77cee178-56eb-4271-bcbe-c2a0eb30cee0,43ee8b9e-6c83-4f2e-b42e-b6cb02cca019,1763961889.6695764
267.38,1,324c711f-089f-48cc-9de3-cbc97960061e,d7fa0f3e-c532-46ec-b5ea-f3dd8c590abf,1763961889.670581
267.46,1,84ea2874-5c72-47eb-9665-2bfbf3d978bc,4caef176-5387-4158-89c0-0fdbaa2c04ce,1763961889.670581
267.47,1,84ea2874-5c72-47eb-9665-2bfbf3d978bc,c78788b5-0ac4-4a78-aaa4-0417950fd57d,1763961889.670581
267.47,1,78f94341-d116-4e92-a882-e6d16a0e761b,c78788b5-0ac4-4a78-aaa4-0417950fd57d,1763961889.670581
267.47,1,78f94341-d116-4e92-a882-e6d16a0e761b,d16625d6-d03f-4e3b-a53d-8191cd5635e9,1763961889.670581
267.47,1,78f94341-d116-4e92-a882-e6d16a0e761b,92a0bd05-a3b7-47aa-a15e-ce7d6c780513,1763961889.670581
267.47,1,ea78daff-707a-4b97-9d88-6742193da527,92a0bd05-a3b7-47aa-a15e-ce7d6c780513,1763961889.670581
267.48,1,ea78daff-707a-4b97-9d88-6742193da527,8900d755-1573-4883-b687-907fcd19cfec,1763961889.670581
267.48,2,ea78daff-707a-4b97-9d88-6742193da527,d2b188af-34c8-4e01-a2b4-36423371bbd5,1763961889.670581
267.48,1,a866ad90-38e0-4e98-8de3-874c351e3911,b6c08498-9382-44f5-a56a-1c21281519fb,1763961889.6754127
267.53,1,a866ad90-38e0-4e98-8de3-874c351e3911,60665714-12d7-4cf3-9778-02b56f03d64b,1763961889.6754127
267.55,1,a866ad90-38e0-4e98-8de3-874c351e3911,da785f9e-2828-4e5c-9e34-8bbab0b08016,1763961889.6754127
267.6,1,f17a4ae7-a824-4460-bd3f-4f199232b2ba,6c934cc1-5f2d-44f8-ba4c-c8b357b70d85,1763961889.676415
269.14,1,8535c926-388b-49a0-86ea-23a39ca6eed8,fbf738e9-ee20-461d-bb58-d0517da9bdec,1763961889.7366877
268.98,2,8535c926-388b-49a0-86ea-23a39ca6eed8,8d64dd17-3c63-4fd8-a20e-29fa65eb9ecb,1763961889.737866
268.8,3,8535c926-388b-49a0-86ea-23a39ca6eed8,24fd54e3-b306-43ad-89a9-ef46dc3ccd46,1763961889.738863
268.85,2,e18fc876-d2a0-4c6b-bf0a-30d418d61d62,b27090ac-4798-4c40-aab8-e0a96e8a6da1,1763961889.739864
268.86,1,e18fc876-d2a0-4c6b-bf0a-30d418d61d62,6a40185d-4bf3-4177-ad26-7548b9da9d5c,1763961889.7407897
268.88,1,e18fc876-d2a0-4c6b-bf0a-30d418d61d62,7334dac9-d514-4afd-9ea6-ba464593bbd6,1763961889.7407897
268.89,1,dbfea8d1-143d-43fd-88b9-0e5a771d7493,44fa2666-b97f-4893-82a8-7c7ba3474b71,1763961889.7407897
268.89,1,dbfea8d1-143d-43fd-88b9-0e5a771d7493,ed4d325c-9389-419e-bc92-65734b2db710,1763961889.743716
269.15,1,dbfea8d1-143d-43fd-88b9-0e5a771d7493,996d87b6-4694-449d-ab7e-e8720fc0e5ab,1763961889.744723
268.98,1,dbfea8d1-143d-43fd-88b9-0e5a771d7493,0081ef02-9268-4665-8175-a3d3919b9dd3,1763961889.7568545
269.02,1,dbfea8d1-143d-43fd-88b9-0e5a771d7493,60975328-03ad-4641-bd0a-c4c79858a01d,1763961889.7582953
269.02,1,39525112-5cb4-40c4-954a-a6233d5b6437,5c5e68ef-054d-44ce-8f82-159c4a2747e3,1763961889.7593014
268.87,1,39525112-5cb4-40c4-954a-a6233d5b6437,8f11b4bb-d28d-4314-8dbe-80fd4012fd5a,1763961889.7601056
268.86,1,39525112-5cb4-40c4-954a-a6233d5b6437,ecae2a0e-b463-4578-9f38-2eae69f9538c,1763961889.7622797
268.95,1,9fb1ea54-4c2f-45f3-a299-c209586b0ab4,eb3fb11a-c0e6-4a51-832d-d546b51b5acb,1763961889.7631533
268.9,1,9fb1ea54-4c2f-45f3-a299-c209586b0ab4,ddb687ad-f4f8-472b-bf84-2a7f13ef7f73,1763961889.765415
269.0,2,9fb1ea54-4c2f-45f3-a299-c209586b0ab4,28dfa2b9-190f-4183-bce4-83d30b1e8490,1763961889.7662787
269.11,1,f69be0b9-e220-4993-8e98-a08012c85eba,11d16ded-eab2-4f40-a873-e185a3185e3e,1763961889.7675052
269.0,1,f69be0b9-e220-4993-8e98-a08012c85eba,cecd4214-9c6e-4985-9dac-3e1d357920bf,1763961889.7685037
269.03,1,f69be0b9-e220-4993-8e98-a08012c85eba,92808f9d-0761-490a-b321-378c84715839,1763961889.7695043
269.0,1,77ac8ff2-c4f5-4104-a10e-23a6ad5589d3,d747b411-1e91-412d-ae94-5f5bda2132bc,1763961889.7703385
268.97,1,77ac8ff2-c4f5-4104-a10e-23a6ad5589d3,691ed8c7-7f17-41aa-9cfe-a9b041affdc8,1763961889.7803466
269.0,1,4394c9d6-c038-439b-9fd3-48026584cadb,638cd9a3-17f7-4d64-a551-8518f9f0e4ec,1763961889.7803466
268.88,1,4394c9d6-c038-439b-9fd3-48026584cadb,6bd78f26-b773-4da7-b51d-7278b3df537e,1763961889.7862098
268.53,1,4394c9d6-c038-439b-9fd3-48026584cadb,386f7dd3-9498-4e9a-a36d-cb972829cc39,1763961889.7872145
268.53,1,dc651e9a-704f-4f30-9b07-8ed29d9b55e5,386f7dd3-9498-4e9a-a36d-cb972829cc39,1763961889.7872145
268.52,1,dc651e9a-704f-4f30-9b07-8ed29d9b55e5,63bbcdb2-a52d-489b-978d-a99c89ed79c6,1763961889.7880528
268.54,2,dc651e9a-704f-4f30-9b07-8ed29d9b55e5,26ae60fd-6dd6-4ee5-9ea2-201e03e860f3,1763961889.7901282
268.51,2,ce68bca5-ac0c-4d71-b483-cfc1d09f65f0,c035d60a-3dc1-4c57-974a-197db728c8da,1763961889.7906072
268.66,1,d7d6d359-2927-4e28-805f-47c9ab0dea07,1bf63031-7860-4da3-b954-777d119d577e,1763961889.7922735
268.6,1,d7d6d359-2927-4e28-805f-47c9ab0dea07,2d7e5020-c577-4e10-9f9b-f760d741d1ea,1763961889.7933767
268.55,1,d7d6d359-2927-4e28-805f-47c9ab0dea07,5a3f8b8a-8dc7-4251-bfe4-ab137c22f858,1763961889.7961142
268.51,1,eab58b8f-32ba-4286-969b-8b27b5a7ed30,e6cc0dd3-e639-4081-89b2-e4e610daa171,1763961889.7965481
268.5,1,eab58b8f-32ba-4286-969b-8b27b5a7ed30,7dfdceee-093e-4c6c-952f-ec372b45fb48,1763961889.7965481
268.54,1,eab58b8f-32ba-4286-969b-8b27b5a7ed30,a86f01d4-5402-4571-953f-6c9351891224,1763961889.801011
268.52,1,eab58b8f-32ba-4286-969b-8b27b5a7ed30,73a7a9b9-e1a4-44c9-afad-48ef0f93b306,1763961889.8026118
268.53,1,b79afe72-47c1-4a62-83ef-d1e237bc8d14,71add994-5502-42ad-a5ab-415193a62d18,1763961889.803118
268.61,1,b79afe72-47c1-4a62-83ef-d1e237bc8d14,85b52fbd-01be-41db-99a6-f2732b82e3c5,1763961889.8051267
268.58,1,b79afe72-47c1-4a62-83ef-d1e237bc8d14,e414aea7-fbeb-4d77-857a-da300f2ea7b8,1763961889.805838
268.57,1,b79afe72-47c1-4a62-83ef-d1e237bc8d14,7e97b208-5dbe-434a-a919-83de9ebfa217,1763961889.8079839
268.57,1,1d422b6f-9940-4529-b0f3-22412bd7d6b9,7e97b208-5dbe-434a-a919-83de9ebfa217,1763961889.8079839
268.64,1,1d422b6f-9940-4529-b0f3-22412bd7d6b9,1ba125d8-66a1-44cb-a29d-d85070af4fb8,1763961889.8090007
268.69,1,1d422b6f-9940-4529-b0f3-22412bd7d6b9,9a0707a8-77c5-4ed0-80cf-ea920568c940,1763961889.8103058
268.72,1,69c57206-a87b-4ffa-ad23-fb5c63d65a2f,48469564-9f64-424b-b270-b3dcb8324e67,1763961889.8136044
268.58,1,69c57206-a87b-4ffa-ad23-fb5c63d65a2f,708c5a5b-d272-41d4-b454-c10f1f0bb88b,1763961889.8136044
268.58,1,69c57206-a87b-4ffa-ad23-fb5c63d65a2f,a01ae75a-6536-41f2-8e81-bf6f00411327,1763961889.8168378
268.53,1,69c57206-a87b-4ffa-ad23-fb5c63d65a2f,a4151af8-8f98-4b2e-8ee5-05141b53f69f,1763961889.8190367
268.6,1,0de5366b-733d-47b3-949c-b5469551eacc,c2b4a327-b163-4d73-82b5-11acbd137808,1763961889.8200421
268.65,1,0de5366b-733d-47b3-949c-b5469551eacc,d7882aa2-3661-4bbb-85a4-cce52475ab84,1763961889.820857
268.5,2,68f7c012-3bed-4b0d-b47d-1f15148509a5,5a66556c-3058-4d77-97b5-d06ebe374b9e,1763961889.820857
268.42,2,68f7c012-3bed-4b0d-b47d-1f15148509a5,32368cd5-ae4a-42cb-9e62-1388734c1e9b,1763961889.820857
268.5,2,8a1270bb-13fd-4aa6-8fd6-6dbede26aae9,1abe7949-fc4b-4b44-807f-1b0cbf193630,1763961889.820857
268.5,1,8a1270bb-13fd-4aa6-8fd6-6dbede26aae9,293205d9-4f61-4846-adcc-e7d24f4c2035,1763961889.828061
268.48,1,cb81fda7-7ae6-495a-8e5f-675ab6f5702f,e47ade96-46fe-4d94-815c-da0991fe9426,1763961889.8294895
268.48,1,cb81fda7-7ae6-495a-8e5f-675ab6f5702f,405a8493-6e2d-4620-8298-159c0507e7fe,1763961889.8332534
268.51,1,cb81fda7-7ae6-495a-8e5f-675ab6f5702f,ef8e55ed-422e-4ea4-a417-86999d778d52,1763961889.8417916
268.36,1,cdede0d0-191e-4107-a276-7f40d15d6d6d,04cdac27-8a26-4bfa-bc3b-e03e06e54d53,1763961889.852027
268.43,1,cdede0d0-191e-4107-a276-7f40d15d6d6d,36de4863-0e2b-4aca-bdab-e22ced46e278,1763961889.8532262
268.43,1,cdede0d0-191e-4107-a276-7f40d15d6d6d,60057358-3421-4920-8baf-c9dd0ac6f4cd,1763961889.8532262
268.49,1,4e2aecdc-5541-47b9-a2cc-7a97030a0c8e,8914998a-f9ce-4074-9756-48e9290b8a10,1763961889.8592908
268.57,1,4e2aecdc-5541-47b9-a2cc-7a97030a0c8e,9e9bcdda-d414-4406-a0e5-f5332445d868,1763961889.861666
268.3,1,eaee18d5-2685-4da0-8db3-4080ed68f810,1246ab04-528f-4ea6-9af9-67af2649d7f4,1763961889.8625817
268.32,1,eaee18d5-2685-4da0-8db3-4080ed68f810,e7b1b17a-fce9-4caa-ac33-82cceec2f73f,1763961889.8625817
268.18,1,221fc3bb-007f-436b-9230-35a6b3968626,3cc07887-0d34-4456-a218-e275d12c52b3,1763961889.8625817
267.87,1,221fc3bb-007f-436b-9230-35a6b3968626,77cc5b8c-44ca-4bfc-b06b-8fabbf0348ab,1763961889.8625817
267.87,1,652bd473-2707-4abe-a4fb-71b4ac01538d,77cc5b8c-44ca-4bfc-b06b-8fabbf0348ab,1763961889.8625817
268.02,1,10929bcd-cf03-43b5-aed9-fd81dcde807b,ba6c1f5e-1f85-484b-bc06-cd420557e6af,1763961889.8725536
268.08,1,66a2d31a-3803-4a58-ab46-83530cec3455,86fc0c1b-eb09-4c07-b1b4-c90d5e978480,1763961889.8787735
268.24,1,66a2d31a-3803-4a58-ab46-83530cec3455,95e67ef0-4f01-4345-813a-50e0eb9beab6,1763961889.8787735
268.07,1,66a2d31a-3803-4a58-ab46-83530cec3455,5837eaaa-9f8d-4618-9ad9-536f758b2611,1763961889.8843753
267.22,3,36c38037-9996-4c3f-aa6b-eaca414c7478,d5543374-576a-4948-9a2a-28d1621a3c63,1763961889.8843753
267.22,1,654498ad-a939-4964-8c9a-a463bc5c61e8,d5543374-576a-4948-9a2a-28d1621a3c63,1763961889.8843753
268.24,1,df7fb111-4b8b-4c83-9ba8-f558cb4c022e,ab43c150-ca3b-47c8-9d09-6f849989f1f5,1763961889.891156
268.39,1,df7fb111-4b8b-4c83-9ba8-f558cb4c022e,8a3f1a4d-0d0f-48d4-b479-bc8bce6d6605,1763961889.8958645
268.32,1,d614edfb-2c6a-4f00-b03d-cb6a14e03a77,1c2bcbed-3edc-4941-8879-771b4f47fcf5,1763961889.8958645
268.4627,1,d614edfb-2c6a-4f00-b03d-cb6a14e03a77,24d39182-fc15-46e2-b0fc-37e013eceb42,1763961889.8958645
268.43,1,d614edfb-2c6a-4f00-b03d-cb6a14e03a77,454bab2d-3785-4ab4-989e-0eff56c26dc9,1763961889.8958645
268.25,1,74b8d7a1-1463-417c-a806-48390fcb0705,d0fae29a-ad3a-4403-b8a8-6a39a1c39b36,1763961889.8958645
268.25,1,ef1b113a-779c-46a5-a972-0c15c288052d,2281293a-bb48-466a-8e53-4db4139a0db1,1763961889.9133453
268.36,1,a271c428-4354-4987-b885-6e6efd73f979,447df254-130f-49ea-b7b5-ff95b9b9ba67,1763961889.927881
268.19,1,a271c428-4354-4987-b885-6e6efd73f979,9328a851-4d4b-4862-966f-eb6d3c1771c8,1763961889.9298804
268.2,1,86e6e34b-208e-4185-a751-61296ad0c0a7,7e49c9c6-f404-498f-902b-64f8789a0bc9,1763961889.9298804
268.16,1,990047d8-2acb-44af-970a-9eb6a546d5f8,e1f3f2fc-12ff-47a3-b36c-b53c54ffd536,1763961889.9298804
268.1,1,990047d8-2acb-44af-970a-9eb6a546d5f8,53f989ac-2ac1-40f9-adc0-779607ac8429,1763961889.9412076
268.4,1,73ed9cbd-0bec-49da-aa39-a110fd6e1d8f,7da3de7b-eede-42ec-bbeb-22dc6553437a,1763961889.9432077
268.54,1,f52ccede-5a9c-407d-a887-b1e598144a89,ebf2dc7d-5ea2-4937-946a-b0be456b4e8d,1763961890.011854
268.51,1,f52ccede-5a9c-407d-a887-b1e598144a89,cd1d1ce3-95cd-48e3-9827-c71e64f15f40,1763961890.011854
268.6,1,d4a76a3c-d223-4e23-bd73-c5668c075e5b,f34f584e-f797-49a5-8277-c0140dc877c4,1763961890.011854
268.43,1,d4a76a3c-d223-4e23-bd73-c5668c075e5b,a8bfe5f4-5a7d-460e-a3a5-587b4bccd725,1763961890.0258517
268.39,1,a0c0b36f-0484-4cf2-a2f7-80d95643ebe6,f13460bb-cb0c-41c7-9fbe-db18268c085a,1763961890.0268517
268.44,1,a0c0b36f-0484-4cf2-a2f7-80d95643ebe6,44b31fda-c19d-48f3-a10c-108a0fc36537,1763961890.0278504
268.5,1,6168b06f-8ce9-46e4-a809-49572bd2e1cc,33affa82-496b-454e-b8c8-709cc806f72a,1763961890.0288503
268.42,1,6168b06f-8ce9-46e4-a809-49572bd2e1cc,da562acd-72a6-4dcd-9141-daa73a8a7d76,1763961890.0288503
268.42,1,5437c017-c7d7-42c4-88b0-96721c174a54,da562acd-72a6-4dcd-9141-daa73a8a7d76,1763961890.0288503
268.5,2,d1118abf-c124-419c-8fce-8554ffefa695,344f5fa4-a6d9-4248-8a14-fb6102e6cdbd,1763961890.0288503
268.36,2,4f825363-f74d-4a23-8535-9e61451b4a3f,866865da-c338-433a-9c48-d23c21b33fcf,1763961890.0288503
268.49,1,610d8147-fffa-4a97-b734-3c1e530d7e73,bb6a457a-ed08-4239-b4b5-7dc76749b4ac,1763961890.0288503
268.3,1,451d02c7-cc28-497c-ba7a-1581d898f9d3,55178504-4f9a-4b2e-b654-00d6dbf5fa5a,1763961890.0288503
268.36,1,de0e06a8-ae8a-420d-a405-fca833d9bc2e,561a2736-e652-44ef-9ddd-3a6b6822e211,1763961890.0353534
268.1,1,de0e06a8-ae8a-420d-a405-fca833d9bc2e,7f2b9ec1-b506-48e4-95f2-a853551803a7,1763961890.0382745
268.1,1,2685b96e-9e4f-4c93-8468-86b556de42e6,7f2b9ec1-b506-48e4-95f2-a853551803a7,1763961890.0382745
268.09,1,601e39f2-73b2-4970-837d-8a1acfe0217c,243acd53-b605-4141-bb03-30381e702529,1763961890.0382745
268.09,1,830d90da-6ca4-462a-9b60-cda3e4928ee8,243acd53-b605-4141-bb03-30381e702529,1763961890.0382745
268.2,1,830d90da-6ca4-462a-9b60-cda3e4928ee8,d7d49cb1-5620-4932-8a27-c543defe7cca,1763961890.041376
268.2,1,bd53229b-dd65-4720-acfd-6ad2a6ff7eb5,d7d49cb1-5620-4932-8a27-c543defe7cca,1763961890.041376
268.01,1,5bd36ca3-05f8-465f-ab6c-bd4e337851f5,17fe08eb-088d-4787-b91a-4c83e0e7ec5f,1763961890.0429025
268.01,1,7028de06-e3de-4f56-963c-6d392d6a6bc6,17fe08eb-088d-4787-b91a-4c83e0e7ec5f,1763961890.0429025
268.5352,1,7028de06-e3de-4f56-963c-6d392d6a6bc6,b164a3d7-791a-4836-9aed-2f5ad049a2e6,1763961890.0439007
268.4649963378906,1,fa2570ac-0f3e-4d44-89a4-78bc501b7617,2b5c1731-fb56-4adc-bee5-d6089af89926,1763961890.0619211
268.04998779296875,1,fa2570ac-0f3e-4d44-89a4-78bc501b7617,96f5fcc2-4ada-44e2-9a87-c543178da5f5,1763961890.0629175
267.8800048828125,1,fa2570ac-0f3e-4d44-89a4-78bc501b7617,370c3dc1-6efd-415f-8ab0-cb3aa55aedc1,1763961890.0629175
268.0599975585937,1,fa2570ac-0f3e-4d44-89a4-78bc501b7617,e037b0dd-42bb-426a-875f-a166fd3e57cc,1763961890.0664065
267.79998779296875,2,fa2570ac-0f3e-4d44-89a4-78bc501b7617,830d9016-13f7-4722-9bf0-89f65697c48a,1763961890.0664065
268.29998779296875,1,fa2570ac-0f3e-4d44-89a4-78bc501b7617,ea4d4ee5-0172-4efc-9d7d-46ddf0ca5bbd,1763961890.0708852
267.6933898925781,2,83224ba3-a457-46fa-ab7c-754bda19da6f,f430e8db-90e8-428b-98af-cd7fe6f671b0,1763961890.0755355
267.42999267578125,3,83224ba3-a457-46fa-ab7c-754bda19da6f,3ecac468-9d2c-479f-bdf7-083861e0a9a2,1763961890.0775306
266.81500244140625,5,0e46cbc1-c0cc-4a2a-b0e4-7e9472bb326f,9f865771-cdef-42ab-82c3-8bfae815fee9,1763961890.0785298
267.19989013671875,1,0e46cbc1-c0cc-4a2a-b0e4-7e9472bb326f,e84109cb-d2d5-4ed0-9870-e2068ce0be1a,1763961890.0785298
267.19989013671875,3,9199112e-6f13-4562-aab0-66b23b2610d3,e84109cb-d2d5-4ed0-9870-e2068ce0be1a,1763961890.0785298
266.739990234375,3,b38e713f-178d-45ae-b092-6159139e6755,2b6a50d8-06d1-49fb-a552-aa026a3db4ad,1763961890.0785298
266.739990234375,2,dcd3f04b-33ec-496d-9418-5d5ec09ca1f2,2b6a50d8-06d1-49fb-a552-aa026a3db4ad,1763961890.0785298
266.70001220703125,2,c021d932-c363-47ab-82bd-c43c21b87de1,e0286a25-6a23-412d-9ba2-c94975f8a084,1763961890.0785298
266.70001220703125,2,5835cc9b-4969-447e-91ab-8d638412b4fa,e0286a25-6a23-412d-9ba2-c94975f8a084,1763961890.0785298
266.70001220703125,1,5cc86baf-c114-4c5e-824f-a9743a2e2cdf,e0286a25-6a23-412d-9ba2-c94975f8a084,1763961890.0785298
266.760009765625,1,5cc86baf-c114-4c5e-824f-a9743a2e2cdf,18cbe6c6-6849-4672-b58d-d96800a6c454,1763961890.085404
266.760009765625,2,465547cd-0331-483b-8ba4-7934153d521d,18cbe6c6-6849-4672-b58d-d96800a6c454,1763961890.085404
266.760009765625,2,e735b8ed-dbb0-4b1b-8a9b-9c1bc075d727,18cbe6c6-6849-4672-b58d-d96800a6c454,1763961890.085404
266.7654113769531,2,07b54b0b-670a-4fb5-8078-49d01c28297d,1011e76b-ee26-4d1d-8a09-cf79744fed1d,1763961890.0874088
266.7654113769531,1,f43a3fe8-00cd-49df-be35-ce3c89903680,1011e76b-ee26-4d1d-8a09-cf79744fed1d,1763961890.0874088
266.7654113769531,1,afd49927-b675-4815-b736-b8d18f53c852,1011e76b-ee26-4d1d-8a09-cf79744fed1d,1763961890.0874088
266.8599853515625,1,a1407407-089f-46e6-93cf-39bf97e8aa6c,c2ab352f-cb32-4848-93ee-00e144f21966,1763961890.0894084
266.8599853515625,1,d3933997-1783-49e0-87bb-c0dc89161ef0,c2ab352f-cb32-4848-93ee-00e144f21966,1763961890.0894084
266.8599853515625,1,b7c9c304-78c5-4711-9470-01e99c9e3b2e,c2ab352f-cb32-4848-93ee-00e144f21966,1763961890.0894084
266.8599853515625,1,e9931294-0b0a-4dac-acef-d85d99e35f07,c2ab352f-cb32-4848-93ee-00e144f21966,1763961890.0894084
266.8599853515625,2,73ed9cbd-0bec-49da-aa39-a110fd6e1d8f,c2ab352f-cb32-4848-93ee-00e144f21966,1763961890.0894084
266.8500061035156,3,048c0116-89a2-4d23-8b33-becbf1d0989f,76b6e30c-d761-46ca-9cf6-b35be6f9b48a,1763961890.0904088
266.8500061035156,1,cf8692dd-2ca0-4023-819b-e81210a9a570,76b6e30c-d761-46ca-9cf6-b35be6f9b48a,1763961890.0904088
266.8500061035156,1,9522633e-c438-4892-9946-ad555a1d770a,76b6e30c-d761-46ca-9cf6-b35be6f9b48a,1763961890.0904088
266.8500061035156,1,1a103df1-cb04-4c99-8e72-5103d9222037,76b6e30c-d761-46ca-9cf6-b35be6f9b48a,1763961890.0904088
266.8500061035156,1,c9486e20-8bbf-425d-9932-7b18e05557e3,76b6e30c-d761-46ca-9cf6-b35be6f9b48a,1763961890.0904088
266.8500061035156,1,054108e4-4c22-4d32-a8da-4a2a5f5340da,76b6e30c-d761-46ca-9cf6-b35be6f9b48a,1763961890.0904088
267.0400085449219,3,054108e4-4c22-4d32-a8da-4a2a5f5340da,c24247da-d193-4660-9f8c-e7ce049fc03c,1763961890.1007476
267.0400085449219,1,a720be83-4ae7-4318-950b-e6fa190496d2,c24247da-d193-4660-9f8c-e7ce049fc03c,1763961890.1007476
267.0400085449219,1,a601f763-d461-4948-9d10-127e5583e70c,c24247da-d193-4660-9f8c-e7ce049fc03c,1763961890.1007476
267.0400085449219,3,ee58c98a-1d5b-4779-811b-600ae0808ea2,c24247da-d193-4660-9f8c-e7ce049fc03c,1763961890.1007476
267.0400085449219,2,0e2e49c0-fafa-4005-a0d6-bc3ba5c7fe74,c24247da-d193-4660-9f8c-e7ce049fc03c,1763961890.1007476
267.1000061035156,1,0e2e49c0-fafa-4005-a0d6-bc3ba5c7fe74,ed28f54c-dea0-49ea-9ca3-82acbf9dc88e,1763961890.1035929
267.1000061035156,3,b2da9a64-ca8a-4e68-83a2-4c2c73807fd9,ed28f54c-dea0-49ea-9ca3-82acbf9dc88e,1763961890.1035929
267.1000061035156,3,576632e2-c1b5-47c7-bb90-d5314bb00f02,ed28f54c-dea0-49ea-9ca3-82acbf9dc88e,1763961890.1035929
267.1000061035156,3,a799ace2-7258-4bf6-af9a-201019aa51e1,ed28f54c-dea0-49ea-9ca3-82acbf9dc88e,1763961890.1035929
266.7300109863281,2,a2dd9f73-1160-4ad1-8251-edcccf787a59,adca7c23-7e1d-4470-a054-6f1ac4162151,1763961890.1035929
266.7300109863281,1,cf1395b5-0d7c-46a9-a031-90c168105524,adca7c23-7e1d-4470-a054-6f1ac4162151,1763961890.1035929
266.7300109863281,3,2d47a0d0-788e-416b-974e-52417c269038,adca7c23-7e1d-4470-a054-6f1ac4162151,1763961890.1035929
266.7300109863281,3,ec604ea6-340f-486f-8ed4-fee21e77c606,adca7c23-7e1d-4470-a054-6f1ac4162151,1763961890.1035929
266.7300109863281,4,dfec9d6d-095c-4af7-96da-f45a52fa8b59,adca7c23-7e1d-4470-a054-6f1ac4162151,1763961890.1035929
266.7300109863281,1,116ea437-b17a-4479-bd92-4ec56afcd131,adca7c23-7e1d-4470-a054-6f1ac4162151,1763961890.1035929
267.0599975585937,2,116ea437-b17a-4479-bd92-4ec56afcd131,1bc30cac-603f-4261-b6d2-af34e8a5d0bc,1763961890.1035929
267.0599975585937,2,43c2eb0b-24ef-4e3f-abb5-c9c03f52a7a3,1bc30cac-603f-4261-b6d2-af34e8a5d0bc,1763961890.1035929
267.0599975585937,1,2022c6b8-33ca-4e5f-85b0-0a28e055bc1c,1bc30cac-603f-4261-b6d2-af34e8a5d0bc,1763961890.1035929
267.0599975585937,1,f17a4ae7-a824-4460-bd3f-4f199232b2ba,1bc30cac-603f-4261-b6d2-af34e8a5d0bc,1763961890.1035929
267.0599975585937,2,6625c596-8cea-451a-8882-6cd062192d01,1bc30cac-603f-4261-b6d2-af34e8a5d0bc,1763961890.1035929
266.94000244140625,1,6625c596-8cea-451a-8882-6cd062192d01,10e6438c-0e22-4d3d-925c-b3ddb25a1eba,1763961890.1035929
266.94000244140625,1,feeb5971-e15c-4970-b146-2126dac55fed,10e6438c-0e22-4d3d-925c-b3ddb25a1eba,1763961890.1035929
266.94000244140625,2,fb256803-f66b-4ef8-bb1b-256aa631ea76,10e6438c-0e22-4d3d-925c-b3ddb25a1eba,1763961890.1035929
266.94000244140625,2,5e729a7b-1704-4b54-8f21-023c2b517b11,10e6438c-0e22-4d3d-925c-b3ddb25a1eba,1763961890.1035929
266.94000244140625,2,47f2744d-1dfa-46ce-85fd-d8b0b8ade39a,10e6438c-0e22-4d3d-925c-b3ddb25a1eba,1763961890.1035929
266.94000244140625,1,730ea0f2-343d-4bae-ab06-156b3d094045,10e6438c-0e22-4d3d-925c-b3ddb25a1eba,1763961890.1035929
266.7900085449219,2,730ea0f2-343d-4bae-ab06-156b3d094045,d974ec46-4ffc-4c54-b47a-3473cc4f3fe0,1763961890.1035929
266.7900085449219,2,5177f8c6-c808-49ec-9e1b-729bb41b33fe,d974ec46-4ffc-4c54-b47a-3473cc4f3fe0,1763961890.1035929
266.7900085449219,2,ea60629a-4fac-451f-9de2-0aa3adf10440,d974ec46-4ffc-4c54-b47a-3473cc4f3fe0,1763961890.1035929
266.7900085449219,2,e5eaba14-c200-4ca3-8a10-c3c99459f580,d974ec46-4ffc-4c54-b47a-3473cc4f3fe0,1763961890.1035929
265.53399658203125,1,4159ae56-85a3-48a3-ba5c-07f6a62e8211,d4a93f38-61c3-43da-a0db-6a4a2b6ccc26,1763961890.1778164
265.53399658203125,2,423af4bf-04fd-4602-a2af-883511561cca,d4a93f38-61c3-43da-a0db-6a4a2b6ccc26,1763961890.1788158
265.53399658203125,3,cf675d8b-8941-4901-8540-664c2d6cc471,d4a93f38-61c3-43da-a0db-6a4a2b6ccc26,1763961890.1818159
265.53399658203125,1,25a5e94e-535b-420d-9102-ee1badb26f14,d4a93f38-61c3-43da-a0db-6a4a2b6ccc26,1763961890.1829515
265.5799865722656,1,25a5e94e-535b-420d-9102-ee1badb26f14,7b3523d6-54aa-4214-8a0c-c12366ad47dc,1763961890.1829515
265.5799865722656,3,272c56ce-2a48-4f6c-a2df-bce68aaab14e,7b3523d6-54aa-4214-8a0c-c12366ad47dc,1763961890.1849446
265.8464050292969,3,732c6f0b-97a7-4ce6-8203-1c840e1255f3,691a9977-704e-4612-814b-fe9a20624872,1763961890.186421
265.8464050292969,2,a21441df-b953-412d-aa3c-2d3b67356743,691a9977-704e-4612-814b-fe9a20624872,1763961890.1874256
265.8464050292969,1,2f9d63b0-3359-484d-9f40-48912eec1636,691a9977-704e-4612-814b-fe9a20624872,1763961890.1894207
266.1072082519531,2,2f9d63b0-3359-484d-9f40-48912eec1636,f601f697-b42b-4261-a51a-9819f14577e2,1763961890.1894207
266.1072082519531,2,d06f969d-b01e-4ec7-a3e0-b70178315ed1,f601f697-b42b-4261-a51a-9819f14577e2,1763961890.190421
266.2099914550781,4,85decc10-85e5-47a9-bb97-3b0d541ee7d8,a8cc754c-e5fb-45d7-810c-4ce51d89ac0a,1763961890.1914225
266.2099914550781,2,9afc807c-c25f-42d1-b80c-94c00e94c523,a8cc754c-e5fb-45d7-810c-4ce51d89ac0a,1763961890.1924224
266.2099914550781,3,f33f0ea0-7514-48cc-b3c0-31fa57b57038,a8cc754c-e5fb-45d7-810c-4ce51d89ac0a,1763961890.1934223
266.2099914550781,3,fec8e6dd-81f6-42d6-b277-b45d62807b1c,a8cc754c-e5fb-45d7-810c-4ce51d89ac0a,1763961890.1954224
266.2349853515625,2,fec8e6dd-81f6-42d6-b277-b45d62807b1c,48f2061f-42ec-4761-9825-4c3448d60240,1763961890.1954224
266.2349853515625,5,17fbb4e3-07de-4804-ae3f-14773c28b3e6,48f2061f-42ec-4761-9825-4c3448d60240,1763961890.1964223
266.25,1,17fbb4e3-07de-4804-ae3f-14773c28b3e6,19491a75-ac01-4546-9e7b-ad82584c7344,1763961890.1964223
266.25,4,a1cd634a-fe11-4a75-a47e-300f2b3c2d2a,19491a75-ac01-4546-9e7b-ad82584c7344,1763961890.2024202
266.25,1,ab8169b1-c4a6-4ffa-9dc0-48e8530ca199,19491a75-ac01-4546-9e7b-ad82584c7344,1763961890.20442
266.32000732421875,1,ab8169b1-c4a6-4ffa-9dc0-48e8530ca199,9a8da1c3-90f8-44ce-bc44-63587bad9e49,1763961890.20442
266.32000732421875,1,b9e3572e-a159-4634-916a-2843c643eae6,9a8da1c3-90f8-44ce-bc44-63587bad9e49,1763961890.2056222
266.32000732421875,1,79503945-4a62-4ac3-ac8f-a49993d9a226,9a8da1c3-90f8-44ce-bc44-63587bad9e49,1763961890.2056222
266.32000732421875,2,b495555c-5895-4e30-b9bb-387fcf009700,9a8da1c3-90f8-44ce-bc44-63587bad9e49,1763961890.2056222
266.32000732421875,1,727f994b-9eaf-4568-b7c2-64d9f374dcd0,9a8da1c3-90f8-44ce-bc44-63587bad9e49,1763961890.2056222
266.4378967285156,2,727f994b-9eaf-4568-b7c2-64d9f374dcd0,793f98b0-4544-4715-8e94-3a4f9cdfaee7,1763961890.2056222
266.4378967285156,4,26353e7b-7dd9-4323-a4ea-a14ce3ddc94c,793f98b0-4544-4715-8e94-3a4f9cdfaee7,1763961890.2056222
266.4378967285156,2,2f5d395c-dfd3-4b80-8167-5e5d42a2dd9a,793f98b0-4544-4715-8e94-3a4f9cdfaee7,1763961890.2056222
266.4378967285156,2,9bd61783-7281-4c24-b16d-c77c6ee2bbb3,793f98b0-4544-4715-8e94-3a4f9cdfaee7,1763961890.2056222
266.4599914550781,4,d053f1df-aa15-4850-8dc2-94162e1bd8d8,78196951-1474-483b-9a17-c846ab0e8e61,1763961890.2056222
266.4599914550781,1,0c5fcb16-64cb-4193-9ebc-dbedd9c761d1,78196951-1474-483b-9a17-c846ab0e8e61,1763961890.2056222
266.5299987792969,5,0c5fcb16-64cb-4193-9ebc-dbedd9c761d1,e0d6d5a8-aaae-4439-934e-6d84d440c730,1763961890.2056222
266.5299987792969,2,c62f0193-1159-494b-a70a-9a18037883be,e0d6d5a8-aaae-4439-934e-6d84d440c730,1763961890.2056222
266.54998779296875,6,c62f0193-1159-494b-a70a-9a18037883be,eec58516-1b1f-4780-afec-2f95ab6f0fc6,1763961890.2056222
266.54998779296875,3,c6f81b08-5964-4f54-b0a9-2f0a365df828,eec58516-1b1f-4780-afec-2f95ab6f0fc6,1763961890.2190511
266.7349853515625,3,c6f81b08-5964-4f54-b0a9-2f0a365df828,a83f8387-a50b-4d5c-8d3d-cf8661c712a3,1763961890.2190511
266.7349853515625,1,5579af0e-11ee-48ed-a03e-4f9446f700dd,a83f8387-a50b-4d5c-8d3d-cf8661c712a3,1763961890.2190511
266.77508544921875,3,5579af0e-11ee-48ed-a03e-4f9446f700dd,c21bcb6a-1470-48f0-9ffe-99a0a7b7f9a0,1763961890.2190511
266.77508544921875,1,941a67e4-59e0-415d-82be-1ca063d47722,c21bcb6a-1470-48f0-9ffe-99a0a7b7f9a0,1763961890.224146
266.0845031738281,1,85f26bae-7117-4200-bde6-d79c344be90d,b7bb98ca-a730-468a-8aa0-292e93c7f5f2,1763961890.2632196
266.0845031738281,2,01427170-8bcd-433d-b886-5a9a6a05cbf2,b7bb98ca-a730-468a-8aa0-292e93c7f5f2,1763961890.2632196
266.0845031738281,1,26725fcd-dd1f-4e28-becb-6c1c28ed6025,b7bb98ca-a730-468a-8aa0-292e93c7f5f2,1763961890.2632196
266.0845031738281,2,c219f2ba-347e-425a-83ed-63a166bff683,b7bb98ca-a730-468a-8aa0-292e93c7f5f2,1763961890.2697127
266.15509033203125,1,c219f2ba-347e-425a-83ed-63a166bff683,16319afc-72cb-4922-b7b8-1f0cd7d2f36b,1763961890.2697127
266.15509033203125,2,6c540244-b95e-40a0-a344-0612274ac505,16319afc-72cb-4922-b7b8-1f0cd7d2f36b,1763961890.2697127
266.15509033203125,1,50c7e087-b3aa-4841-b26a-07395655ba71,16319afc-72cb-4922-b7b8-1f0cd7d2f36b,1763961890.2697127
266.15509033203125,2,f922c6d9-e745-4f29-8198-2b4da5335e84,16319afc-72cb-4922-b7b8-1f0cd7d2f36b,1763961890.274884
266.17999267578125,1,f922c6d9-e745-4f29-8198-2b4da5335e84,b47681ba-b922-4ef2-af8e-b516b5026701,1763961890.274884
266.17999267578125,3,ceae3aa0-1bad-4e25-b21d-30695e7e067f,b47681ba-b922-4ef2-af8e-b516b5026701,1763961890.2767007
266.17999267578125,3,6bd1998e-f0e0-4154-91aa-ff33779c90be,b47681ba-b922-4ef2-af8e-b516b5026701,1763961890.2779164
266.19000244140625,1,6bd1998e-f0e0-4154-91aa-ff33779c90be,4a6d3dca-d745-444e-84d1-048c81637a99,1763961890.2779164
266.19000244140625,4,84fc9fc5-81c8-468d-ba76-7cb05ca86e84,4a6d3dca-d745-444e-84d1-048c81637a99,1763961890.2789092
266.20050048828125,1,84fc9fc5-81c8-468d-ba76-7cb05ca86e84,ff7b7430-a22e-4e54-8ed6-3edf2694d8ba,1763961890.2789092
266.20050048828125,3,d395c34f-97e8-418b-8540-f537f4e7d6c7,ff7b7430-a22e-4e54-8ed6-3edf2694d8ba,1763961890.279906
266.2250061035156,1,d395c34f-97e8-418b-8540-f537f4e7d6c7,c4fd3a4b-34b1-4003-b1af-f04ddb47bd6b,1763961890.279906
266.2250061035156,3,6d152913-171a-43c0-b65c-c0a5596f8c6a,c4fd3a4b-34b1-4003-b1af-f04ddb47bd6b,1763961890.280906
266.5249938964844,2,6d152913-171a-43c0-b65c-c0a5596f8c6a,fa0fde2c-790a-4df6-b070-bdc5c4e96298,1763961890.280906
266.5249938964844,1,c321ebd1-a128-475f-b9b3-f900bb31d980,fa0fde2c-790a-4df6-b070-bdc5c4e96298,1763961890.280906
266.54998779296875,5,c321ebd1-a128-475f-b9b3-f900bb31d980,3f45a8a4-9ce3-4a58-8ce0-fbb95198074a,1763961890.280906
266.57000732421875,2,02491fd5-630e-49b6-ad17-42f97575bb40,796d26a9-5f13-4db5-9236-5298d91c7de6,1763961890.280906
266.6000061035156,3,02491fd5-630e-49b6-ad17-42f97575bb40,f8c4d319-693f-4909-ac96-75cd7e85c57f,1763961890.280906
266.6000061035156,1,02491fd5-630e-49b6-ad17-42f97575bb40,7a9f93f9-bf74-4d31-ab1d-08fefb3c61a3,1763961890.280906
266.6000061035156,1,5b89644f-b9ee-4e6d-adc8-d10249483635,7a9f93f9-bf74-4d31-ab1d-08fefb3c61a3,1763961890.2853992
266.6650085449219,3,5b89644f-b9ee-4e6d-adc8-d10249483635,cacf4568-5d96-4ed0-a0f2-0d66fd4bd9c3,1763961890.2853992
266.6731872558594,2,5b89644f-b9ee-4e6d-adc8-d10249483635,15b6e2f5-275d-47a4-94a9-3b4d75d1a47c,1763961890.2853992
266.6731872558594,2,7a07a2da-a1b1-4c5f-88dd-ba313392ebf0,15b6e2f5-275d-47a4-94a9-3b4d75d1a47c,1763961890.2867255
266.7074890136719,2,7a07a2da-a1b1-4c5f-88dd-ba313392ebf0,29daaf35-991d-44e4-b3c7-de99f1a3c622,1763961890.2867255
266.7074890136719,1,2730d6ba-8a04-4dfb-bf6b-4d5966acffca,29daaf35-991d-44e4-b3c7-de99f1a3c622,1763961890.2897415
266.77508544921875,2,2730d6ba-8a04-4dfb-bf6b-4d5966acffca,c21bcb6a-1470-48f0-9ffe-99a0a7b7f9a0,1763961890.2897415
266.7900085449219,1,2730d6ba-8a04-4dfb-bf6b-4d5966acffca,d974ec46-4ffc-4c54-b47a-3473cc4f3fe0,1763961890.2897415
266.7950134277344,1,2730d6ba-8a04-4dfb-bf6b-4d5966acffca,dfbca714-d3d9-4e44-a761-852cf66cf14a,1763961890.2897415
266.7950134277344,4,333de7a9-a226-419f-adb8-a171159ca8e1,dfbca714-d3d9-4e44-a761-852cf66cf14a,1763961890.2918365
266.7950134277344,2,7e3a85af-64c8-460c-a46c-6bdcff0f9032,dfbca714-d3d9-4e44-a761-852cf66cf14a,1763961890.2932563
266.79998779296875,1,7e3a85af-64c8-460c-a46c-6bdcff0f9032,12f0f52c-288d-4b05-8261-289db4992713,1763961890.2932563
266.79998779296875,2,028f7d69-8906-4747-a97c-ab91cf666e6e,12f0f52c-288d-4b05-8261-289db4992713,1763961890.2942505
266.8299865722656,2,028f7d69-8906-4747-a97c-ab91cf666e6e,4e38f37e-1d00-4841-8082-6afb7f4ef1f3,1763961890.2942505
266.8299865722656,2,0c8a2a4a-6368-41d5-a727-c9f6959074c5,4e38f37e-1d00-4841-8082-6afb7f4ef1f3,1763961890.296251
266.8299865722656,1,e713bbd6-0b7f-4a69-be45-5d5afff08c01,4e38f37e-1d00-4841-8082-6afb7f4ef1f3,1763961890.296251
266.8299865722656,1,8074ca54-3eda-4752-bbd3-e2787377945d,4e38f37e-1d00-4841-8082-6afb7f4ef1f3,1763961890.296251
266.8500061035156,2,8d01bea5-f090-4f84-b9bb-fb4d8501581c,87f3f7ee-1e5f-49fa-9dbe-991a9e6dc71d,1763961890.296251
266.8699035644531,1,e7f724a0-5a9a-426b-95e9-a190f0685868,999f601f-b1ae-40e8-8b09-7d6b8525ae3e,1763961890.296251
266.8699951171875,2,e7f724a0-5a9a-426b-95e9-a190f0685868,1ea52be0-98c3-4378-91ea-29e670ad53c3,1763961890.296251
266.8999938964844,1,82424907-f29e-4766-bedf-4f01923e0832,05c4ccb8-5822-420c-bbf3-bf824d5da90f,1763961890.3032029
266.9797058105469,2,82424907-f29e-4766-bedf-4f01923e0832,c2b801d8-f136-402e-9b30-23051fde1e1f,1763961890.3032029
267.010009765625,1,82424907-f29e-4766-bedf-4f01923e0832,67ea7fec-0dbd-4c27-98a9-99c7ba89b148,1763961890.3032029
267.010009765625,3,d57dd807-1b44-4f68-9e0f-fed77db1eb95,67ea7fec-0dbd-4c27-98a9-99c7ba89b148,1763961890.3032029
267.010009765625,3,65ea6cfb-277e-4600-81e8-ad2dacca5b68,67ea7fec-0dbd-4c27-98a9-99c7ba89b148,1763961890.3081474
267.0150146484375,1,65ea6cfb-277e-4600-81e8-ad2dacca5b68,3ab7037f-2cca-4a4e-a9cc-4a2655cd77e9,1763961890.3081474
267.0150146484375,1,a17bcf10-935c-464a-8984-3464a7bd93c6,3ab7037f-2cca-4a4e-a9cc-4a2655cd77e9,1763961890.3091378
267.01971435546875,1,e998a980-455b-4379-a004-25c6b1873576,d2819b2d-1a00-42a0-a7bf-6877cc7df982,1763961890.3111365
267.0375061035156,1,e998a980-455b-4379-a004-25c6b1873576,74ca1304-7e3e-4bf3-af2c-6d2c08a43e2e,1763961890.3111365
267.0375061035156,1,3f45919a-274f-457d-8f05-f27f852a304d,74ca1304-7e3e-4bf3-af2c-6d2c08a43e2e,1763961890.3111365
267.04998779296875,1,b860819b-7203-40e5-b851-70fc21576bf8,29153965-9711-44e8-9e22-1ce2e3b2c721,1763961890.3111365
267.07501220703125,1,c4926724-42b1-4925-b4fc-e50774e63526,0679ca2c-edae-4718-85ee-2c8114247508,1763961890.3111365
267.07501220703125,1,6a5fbbe4-7551-4b27-aeb4-067b952df85c,0679ca2c-edae-4718-85ee-2c8114247508,1763961890.3197174
267.07501220703125,1,20d33376-7747-4464-88fc-75c2604b13dc,0679ca2c-edae-4718-85ee-2c8114247508,1763961890.3197174
267.20001220703125,1,479b9d6e-2a84-4e47-a1c2-e53b685292df,6c628160-f268-4d8f-b375-5b77e476e412,1763961890.3293788
267.5599975585937,1,cb018eda-60d3-4ad4-bd52-9b3f80b522c6,13f53497-3f61-4514-b8cb-b7c8efe5cde3,1763961890.3293788
267.87921142578125,1,4416635c-d2e5-4b68-99a3-48bf38781f00,5e11d9e9-71e8-47a7-a67b-c7bc5d9e6091,1763961890.3483899
267.510009765625,1,ae311982-566c-408e-ad30-1cc298cf2a91,d1b29698-c729-42a7-bc9f-e4a260bc2d9d,1763961890.3520284
267.510009765625,1,75587542-d8f4-4858-adf3-497d3d0eb8b2,d1b29698-c729-42a7-bc9f-e4a260bc2d9d,1763961890.3520284
267.54998779296875,1,76c86477-f8e6-410a-b395-5c2de413c112,8255150d-f50e-48b5-9c96-db18e9522d6a,1763961890.3532405
267.5400085449219,1,76c86477-f8e6-410a-b395-5c2de413c112,2a3bc365-6c79-45d0-8dd3-e7dd421fb09a,1763961890.3585463
267.54998779296875,1,2e43b8f2-dd68-4f63-818f-8bf23ac7cf50,4aaf83a9-c161-4778-822f-481ebf1b0ea7,1763961890.3605456
267.4200134277344,1,576b8e9a-f95d-4b85-9103-7c0143954b4a,60c07810-2c79-4fa6-a7e6-3187651a8a39,1763961890.3605456
266.6000061035156,1,ce1a3c06-b09e-4171-bffd-32b8293ebe84,d8136ba0-2b2b-471b-808e-6e813951d04c,1763961890.3960755
266.6000061035156,2,d60df84c-21aa-4874-8080-9b72bb6322ec,d8136ba0-2b2b-471b-808e-6e813951d04c,1763961890.3960755
266.6000061035156,1,1046c0e9-457f-4bbb-ae48-1aaa4bd60d26,d8136ba0-2b2b-471b-808e-6e813951d04c,1763961890.4020846
266.61090087890625,2,1046c0e9-457f-4bbb-ae48-1aaa4bd60d26,5f2f24b4-0a6d-4c8a-a0e5-4e4b32a3a0cf,1763961890.4020846
266.61090087890625,2,5fd30b47-d6f9-4bc9-bac9-c5435837b69d,5f2f24b4-0a6d-4c8a-a0e5-4e4b32a3a0cf,1763961890.4031122
266.8026123046875,1,8e3dc009-b42d-493a-b870-336f1bff9180,cce292ab-8f8f-48ae-b8b4-896dc423fbb0,1763961890.4031122
266.8026123046875,2,90f45090-9bbe-489b-b747-aad3b4617e14,cce292ab-8f8f-48ae-b8b4-896dc423fbb0,1763961890.411445
266.8026123046875,1,a104bca9-7460-49a6-afde-8c3619802a21,cce292ab-8f8f-48ae-b8b4-896dc423fbb0,1763961890.4154658
266.8500061035156,2,a104bca9-7460-49a6-afde-8c3619802a21,264b256c-321e-4f14-9a7d-4480867f7e18,1763961890.4154658
266.8500061035156,1,a3013013-6c0b-4cdf-a94c-b122b92b8017,264b256c-321e-4f14-9a7d-4480867f7e18,1763961890.4206924
266.9599914550781,1,a3013013-6c0b-4cdf-a94c-b122b92b8017,778685e3-b53b-4c9a-99e6-7ef86a0b0a47,1763961890.4206924
266.9599914550781,1,f9178332-0018-466b-a273-055b4e9602e0,778685e3-b53b-4c9a-99e6-7ef86a0b0a47,1763961890.4247942
266.9599914550781,1,3bca954f-3056-41a5-984d-f28e369c3c02,778685e3-b53b-4c9a-99e6-7ef86a0b0a47,1763961890.4247942
266.9800109863281,1,3bca954f-3056-41a5-984d-f28e369c3c02,af8b221e-cb2e-4ab1-8321-85ff07e4c860,1763961890.4247942
266.9800109863281,1,3ccdcd8d-e3a9-41b6-b132-ffd21fcac4ac,af8b221e-cb2e-4ab1-8321-85ff07e4c860,1763961890.4247942
267.1650085449219,2,3ccdcd8d-e3a9-41b6-b132-ffd21fcac4ac,f0725879-b03e-4561-b17c-90addd37e4f7,1763961890.4247942
267.17999267578125,1,6d208e91-fc67-4987-bd33-57565f4713cd,0573c9b2-963c-4111-a66f-5a9c27971ba4,1763961890.4355369
267.2699890136719,2,6d208e91-fc67-4987-bd33-57565f4713cd,2dfd7ed1-87ed-41d9-bcdc-f2fcd5a25684,1763961890.4355369
267.2699890136719,1,6d208e91-fc67-4987-bd33-57565f4713cd,c3296724-61b0-49c6-b944-a526e127e972,1763961890.4355369
267.2699890136719,1,dea92f0a-7041-4fc4-ad33-1dd2a1a04f83,c3296724-61b0-49c6-b944-a526e127e972,1763961890.4386892
267.2749938964844,3,dea92f0a-7041-4fc4-ad33-1dd2a1a04f83,6dcfde81-1b35-4ec5-a51c-a0c961c612d9,1763961890.4386892
267.2817077636719,1,cb00f411-0724-4842-9755-5ae6b6e2d522,7296b7b7-3848-438e-a896-bf256f6a089b,1763961890.4406881
267.4005126953125,1,cb00f411-0724-4842-9755-5ae6b6e2d522,4d1d9663-b7e9-4966-a602-e226a0d2019a,1763961890.4406881
267.44000244140625,1,cb00f411-0724-4842-9755-5ae6b6e2d522,c62c0e55-6c18-47ec-a507-d045479ac857,1763961890.4406881
267.45001220703125,1,cb00f411-0724-4842-9755-5ae6b6e2d522,494af3f3-4b04-4294-956c-885959bfd8e2,1763961890.4406881
267.8800048828125,1,01778233-507f-4811-9ee4-92d63f6eb734,81465032-6c16-44b5-a912-dc8d4bd89413,1763961890.443685
268.1700134277344,1,e180dee6-0ac4-4602-bbbc-1b40a7c15d18,a23d8da8-5663-4858-84fc-640449a4f195,1763961890.47664
268.45001220703125,1,3edaa608-f48b-4f39-924b-aba1fe3b571d,433e3d50-b41c-4da8-8320-0e4ff92ef4b6,1763961890.5020776
268.6700134277344,1,b1acc8c0-e7a7-40d5-9c1d-9c3095d78418,c01c2235-4cf9-44c7-80b6-3ecf3fb815c2,1763961890.5487244
268.2699890136719,1,7e5e9648-9291-4c9f-9cd5-f70eed656cac,bdc33b67-2b91-4152-8d2f-db7b85292330,1763961890.5569801
268.4100036621094,1,7e5e9648-9291-4c9f-9cd5-f70eed656cac,8b98874e-c72a-45e7-be62-ac013665a740,1763961890.5591593
268.4100036621094,1,806b79ed-62f0-40dd-97c8-6f2d9bdb8ed0,8b98874e-c72a-45e7-be62-ac013665a740,1763961890.5591593
268.5199890136719,1,38a8c07d-35e1-4980-bcdb-ee70254b46f9,897b00cd-66be-4473-a7cd-58c3e29b5358,1763961890.5611646
268.5199890136719,1,c087b2c5-ab8c-4d0b-9583-c18c0a9c335c,897b00cd-66be-4473-a7cd-58c3e29b5358,1763961890.5611646
268.44000244140625,1,c087b2c5-ab8c-4d0b-9583-c18c0a9c335c,4f51bdaa-62bd-4b80-bf9e-41499adc8ed4,1763961890.5611646
268.44000244140625,1,53c3dd94-5f30-4fd9-9d23-9c6028d9b18a,4f51bdaa-62bd-4b80-bf9e-41499adc8ed4,1763961890.5611646
268.25,1,53c3dd94-5f30-4fd9-9d23-9c6028d9b18a,67cbbd38-7799-48ab-8663-2e67556ec10d,1763961890.5611646
268.25,1,6b94b620-8a3c-4424-a14c-d2cf3540244f,67cbbd38-7799-48ab-8663-2e67556ec10d,1763961890.5611646
268.32000732421875,1,6b94b620-8a3c-4424-a14c-d2cf3540244f,062151dd-85fd-4020-940a-6b5198b1060e,1763961890.5611646
268.4100036621094,1,abd35106-4829-4ca9-bb5b-3df97ba988c9,49cd3c0a-468f-415b-a658-05984b5bf265,1763961890.5611646
268.6300048828125,1,63939f25-84a0-4ea7-9c22-27a452ac4a3c,8ea0cfa3-88bd-4e8c-a186-0f321e2959a8,1763961890.577157
268.4100036621094,1,5175495b-4281-4cd2-90b0-c26940ef930d,66803d2c-8923-4b36-8db3-66e730e8ae20,1763961890.5781772
268.2900085449219,1,5175495b-4281-4cd2-90b0-c26940ef930d,22991fd2-e4bc-4b12-88cc-c863d015deeb,1763961890.580168
268.3949890136719,1,c87328ed-9b19-4077-9822-5cca06b51c0d,b45c4dc7-22d3-4b8d-a673-137348d21422,1763961890.580168
268.2699890136719,1,61162b0c-9450-4585-a72c-476f785e0d4e,8cbafdfd-8c83-49c6-b039-ee2973177665,1763961890.5868957
268.2900085449219,1,2198cc2a-cbab-4a6e-ae54-3d2c04e62318,0445afdf-6a46-43ba-8ba1-50472e8376a5,1763961890.588202
268.1722106933594,1,617c7c96-fd2f-4546-a63d-21026a079ed9,d2731a15-2b00-4cdd-85f1-128325411590,1763961890.5907059
268.2699890136719,1,2de72c69-a884-446f-bdcb-7dadeaf798d6,8c9ec242-2a86-428c-9123-6e0580961c04,1763961890.5927174
268.2699890136719,1,e4f0f94a-64c6-4a15-8deb-fce5ccd31cba,8c9ec242-2a86-428c-9123-6e0580961c04,1763961890.5927174
268.42999267578125,1,aad3b79a-3157-4a7d-b203-e8f37dd75ce4,c818e863-4ca8-4af8-a2c7-fe8b720af2d1,1763961890.5947163
268.25,1,8505eb01-3ce4-41b7-ab91-02a5d598726e,217b625f-ba39-414f-9b0c-b1def2d2052a,1763961890.5947163
268.25,1,d5526523-3a8a-4f46-be26-68d34178ca85,217b625f-ba39-414f-9b0c-b1def2d2052a,1763961890.5947163
268.25,1,e180dee6-0ac4-4602-bbbc-1b40a7c15d18,217b625f-ba39-414f-9b0c-b1def2d2052a,1763961890.5947163
268.07501220703125,3,e180dee6-0ac4-4602-bbbc-1b40a7c15d18,ca46575f-177e-4171-86e1-8f7f2ed985b7,1763961890.5947163
268.1579895019531,3,01778233-507f-4811-9ee4-92d63f6eb734,1c595328-b831-491e-bf63-0b4d56d3dffb,1763961890.5947163
268.0899963378906,1,01778233-507f-4811-9ee4-92d63f6eb734,7e082d90-7ad7-4d3c-9fda-2da6186849ac,1763961890.5947163
268.0899963378906,1,f3b7cc75-1abe-48b0-90c5-baa2e3352433,7e082d90-7ad7-4d3c-9fda-2da6186849ac,1763961890.5947163
268.0899963378906,1,f6367dfe-a3a8-4d46-ba95-7f657616ff82,7e082d90-7ad7-4d3c-9fda-2da6186849ac,1763961890.5947163
268.0799865722656,1,d426d637-b206-48fc-b652-478cb2b2f17c,8d1731a0-8102-4bfd-85d2-94f44a652437,1763961890.602047
268.0799865722656,1,de201373-40e4-48ea-b813-caa795997bfb,8d1731a0-8102-4bfd-85d2-94f44a652437,1763961890.602047
268.25,1,de201373-40e4-48ea-b813-caa795997bfb,a0471b57-cb30-43df-b58d-16fba10f58b8,1763961890.6082768
268.2099914550781,1,de201373-40e4-48ea-b813-caa795997bfb,ba0230df-5e6b-40b0-ac25-03c63fd52493,1763961890.6102788
268.125,1,de201373-40e4-48ea-b813-caa795997bfb,2a1993b2-1cd5-4189-b510-f73291885104,1763961890.6112785
267.9800109863281,1,de201373-40e4-48ea-b813-caa795997bfb,04527c90-b043-4b44-8ae0-26c1c021f51f,1763961890.6112785
268.03448486328125,1,de201373-40e4-48ea-b813-caa795997bfb,5b033f6b-5bd9-4cec-9e07-62767310efdb,1763961890.6112785
267.94000244140625,2,1f5f87a1-9410-443b-a292-2b8e7675c94b,4bb4554a-7034-49d6-967b-8ee0d408af54,1763961890.6112785
267.8800048828125,2,1f5f87a1-9410-443b-a292-2b8e7675c94b,4a7414ee-6822-402f-8fa9-325272e159a6,1763961890.6187406
267.8500061035156,1,1f5f87a1-9410-443b-a292-2b8e7675c94b,6619eac5-afd8-49fb-bba4-b07fdb36d121,1763961890.6197476
267.92999267578125,1,7b5daaed-a043-47d1-be72-6f3517bc1644,310831dc-a79e-49f6-9c80-9f4dd7613362,1763961890.6275313
267.8699951171875,2,377905be-d84b-4ee3-b624-9b8464bc8dac,00c2cb10-5a77-4360-a987-305c08b04c54,1763961890.6295216
268.0898132324219,1,377905be-d84b-4ee3-b624-9b8464bc8dac,a3cfa97b-ee14-4eba-a639-863807d3908d,1763961890.6305227
268.1099853515625,1,377905be-d84b-4ee3-b624-9b8464bc8dac,ce808dd9-ec5a-46ae-bca6-3eed5063c4c0,1763961890.6305227
268.14019775390625,1,377905be-d84b-4ee3-b624-9b8464bc8dac,bbe00bef-8c49-4ab2-8f38-2796a8277812,1763961890.6305227
268.3599853515625,1,75475c06-3990-447c-aaef-69e68e8e77ea,8852b56a-db55-45a1-9652-5e62d275438f,1763961890.6366177
268.1000061035156,1,2b5bd7f7-6c8e-4e75-82e3-ddb1bd6ab293,7c983826-6034-4fa9-9255-36c82d43c2dd,1763961890.648597
268.19000244140625,1,a1d128b0-3dd0-4074-9e58-31c54c057e1f,a40714e1-6e54-473b-9c73-7a9737fc9876,1763961890.695343
268.239990234375,1,a1d128b0-3dd0-4074-9e58-31c54c057e1f,c3998fa1-fce5-446d-8335-2db8542f6f1e,1763961890.695343
268.2900085449219,1,a1d128b0-3dd0-4074-9e58-31c54c057e1f,765d450a-db14-4ab0-823d-51490e1b7b4f,1763961890.7035754
268.2200012207031,1,124b93b0-c7c1-4c2a-95b7-935126cf838e,80a02414-49f9-4def-b219-01ede440e7fb,1763961890.7116194
268.32000732421875,1,124b93b0-c7c1-4c2a-95b7-935126cf838e,02dc6fb4-b785-4485-8256-60823c4c1dea,1763961890.7354503
268.1200866699219,1,124b93b0-c7c1-4c2a-95b7-935126cf838e,2f90785a-0b5b-408e-a11a-b81d5acce202,1763961890.73731
268.2300109863281,1,6eeed941-4e51-4144-9eda-e94ba02f69b7,3d986f4b-4499-4785-aba3-4141a2c64bfe,1763961890.7545652
268.2099914550781,1,6eeed941-4e51-4144-9eda-e94ba02f69b7,73fcac42-c84d-40f4-966c-8b9c262cfc68,1763961890.7545652
268.1549987792969,1,6eeed941-4e51-4144-9eda-e94ba02f69b7,d4a4b4c7-1a1e-4d33-802d-731163ffee68,1763961890.7545652
268.1600036621094,2,59f0ccfa-4548-40bc-b330-6ae27e11f981,672228fa-c661-4eb2-83c2-d24e82107e2e,1763961890.7545652
268.2802124023437,1,d463669f-0999-4152-8ca9-4943cca08de0,ceeeea41-3f1f-4677-bc9f-ccec60cd76a6,1763961890.768765
268.2802124023437,1,9c1d5ef1-47f3-49ad-89ba-661356875fc0,ceeeea41-3f1f-4677-bc9f-ccec60cd76a6,1763961890.768765
268.29998779296875,1,9c1d5ef1-47f3-49ad-89ba-661356875fc0,a02e71d9-3bee-4de6-9bc7-df3be9823a4c,1763961890.772898
268.1300048828125,2,4a577d24-3001-4e7b-8e9e-43bf439abf61,eb41595c-cd70-470c-bcdd-60a5b7ca25d1,1763961890.7738972
268.1000061035156,1,1b416798-5617-4c2f-8521-9b7a149aa2b4,ef06218d-f512-44e0-ab13-57c78a9883d3,1763961890.7738972
268.1000061035156,1,75475c06-3990-447c-aaef-69e68e8e77ea,07263303-67de-446d-8be0-0e5cf990e3e6,1763961890.7738972
267.9447021484375,1,75475c06-3990-447c-aaef-69e68e8e77ea,e9601f26-b5f9-4b15-9f2d-93111ce66c1b,1763961890.7801147
267.9649963378906,1,75475c06-3990-447c-aaef-69e68e8e77ea,421567cc-86be-40a5-963c-6768a7b87533,1763961890.7801147
268.0,1,75475c06-3990-447c-aaef-69e68e8e77ea,40c8c810-0e9e-4fce-a46a-bca33094e18f,1763961890.7801147
268.1199951171875,1,75475c06-3990-447c-aaef-69e68e8e77ea,a6541eb3-6cec-44d0-afe8-a888e9c0ba31,1763961890.7946308
268.0199890136719,1,75475c06-3990-447c-aaef-69e68e8e77ea,0d049384-784e-4cc2-8ed5-f29d658db2cb,1763961890.7946308
268.04998779296875,1,bf7e6fe4-bcf6-407b-b844-99849fad32cc,49708e83-8b05-4cfe-8c8b-6711347891ff,1763961890.7946308
267.8900146484375,1,872b9306-1823-4545-b1a3-f9f4655ea1a0,5aaa4914-b68d-4481-bb4e-51eaa5e6cbc5,1763961890.7946308
267.92999267578125,1,552010b6-9e64-491f-8389-029642d126d4,84a86d9a-4956-4c43-aba2-4d99b5dd3c85,1763961890.8030732
267.6235046386719,1,f22fad72-f8ea-4a5a-8f93-75f10441cd6c,ac37c794-3e5f-4d3a-923a-ce37b4e76c69,1763961890.8030732
267.6235046386719,1,43d41c05-f9e6-46f3-ade0-c50a88cd3c39,ac37c794-3e5f-4d3a-923a-ce37b4e76c69,1763961890.8030732
267.8299865722656,1,695e18a9-11af-4f35-ad9f-ba2ed27cc485,64fb49a9-371f-4b16-a375-19198bd3e33e,1763961890.8078194
267.8299865722656,1,7a87e343-4734-43de-82f1-f9621b7e17a9,13b4d100-dc30-4326-9340-f22baa6f0c65,1763961890.8099551
267.6600036621094,2,e9ba8368-0255-4c6e-ae92-47e16f3050c7,702f8983-6814-4ebf-9f4e-1f3276b10c69,1763961890.8109543
268.0799865722656,1,a45c475d-9caa-4dfa-bfaf-9d55de635c02,0dabed39-fadd-43a3-880e-1b61c12521a0,1763961890.8119485
267.82000732421875,1,cdf31c5d-4cd7-4d69-9daa-adf175ed81b3,98fd7084-cc8d-4461-8ef4-439621011b06,1763961890.8119485
267.82000732421875,1,b6d02db2-66b6-403e-b2ef-78bb09f9dee1,98fd7084-cc8d-4461-8ef4-439621011b06,1763961890.8119485
267.8099975585937,1,88837aff-8c9f-4053-aa31-2f3a51e8c5b8,c5c060be-f1bf-46d3-aac6-9e754610f036,1763961890.8119485
267.8099975585937,1,03a93410-dd29-4c18-98c9-acd04a7e10c7,c5c060be-f1bf-46d3-aac6-9e754610f036,1763961890.8119485
267.7149963378906,2,91f509c1-c4ec-4b00-8f0c-4fac53dd4951,fd6e8f6a-7d09-4557-9ffa-531c2a83f10c,1763961890.8119485
267.7099914550781,1,91f509c1-c4ec-4b00-8f0c-4fac53dd4951,dfdfecfd-99e3-4f2e-890e-e95e3cc3b01f,1763961890.8187537
267.75,1,0d91e8ca-324c-4dab-98bd-b86cfb22a485,c4cf44f6-0190-458a-846a-590f391604cb,1763961890.8201756
267.67999267578125,1,6a32f411-f3a8-4a2c-8088-e5197a05428a,03bba0c7-24a0-4f57-b6a0-96a6dbba7c94,1763961890.8201756
267.635009765625,1,3ce20388-0672-4a90-ae22-085650665369,699023b6-6165-4f24-b8af-d15574c2a067,1763961890.8201756
267.510009765625,1,274b790d-89fa-4f1c-92a0-0d1395d4648d,bd6922f7-3279-4e4c-bcb7-efa81373d423,1763961890.827063
267.510009765625,1,65039e10-15bf-4cb3-81c1-cb7d2fc40278,bd6922f7-3279-4e4c-bcb7-efa81373d423,1763961890.827063
267.510009765625,1,cb547613-21b9-4876-90fe-8c238b2e206a,b56e6356-0171-4938-bab4-e2adffc78b1d,1763961890.8290687
267.510009765625,1,8bea8a6f-50e1-40cd-aaab-e437c589eb7c,b56e6356-0171-4938-bab4-e2adffc78b1d,1763961890.8290687
267.42,2,8bea8a6f-50e1-40cd-aaab-e437c589eb7c,a5976e56-aa9b-4d14-b58a-ee825bab0b1f,1763961890.8300738
267.19,3,8bea8a6f-50e1-40cd-aaab-e437c589eb7c,ee0afccb-60c3-42bf-b28f-6d45596cee55,1763961890.8300738
267.05,3,5bc483b7-3855-43a5-b7ce-5ddb1f2e8319,07a1ebce-4b5f-4847-8e5d-41b5f26868a4,1763961890.8300738
267.2,1,c6a09f44-056c-4373-aaa8-0f1092cc1c5c,74ab5d5c-4ef6-40b7-b89f-59cd7310265d,1763961890.8353782
267.2,1,3e2b1114-6100-48b4-8997-87a90dbacb34,74ab5d5c-4ef6-40b7-b89f-59cd7310265d,1763961890.8353782
267.44,1,ddd48ba6-cb75-4260-8fa3-9126a4e8ed8d,4ceb42c2-ce6d-4839-899c-a747d6ce708b,1763961890.8367662
267.35,2,ddd48ba6-cb75-4260-8fa3-9126a4e8ed8d,b7973cf8-bc66-459d-afd5-fce0cdb64298,1763961890.8367662
267.4,2,ddd48ba6-cb75-4260-8fa3-9126a4e8ed8d,50190627-3f48-4b12-b90f-6f9b56aded8f,1763961890.8409834
267.1164,4,e3aecfd6-9b96-43a9-b94b-431821b241f8,13408bf2-cc90-4af8-a110-1410f835b150,1763961890.8431273
267.3,2,3419c756-8a29-4379-8471-98a2994393d2,25ea676a-d8aa-4ef8-9c8b-4d4f00710f79,1763961890.8441265
267.3,1,85e47d89-9877-4c47-9edf-1343cca52a37,25ea676a-d8aa-4ef8-9c8b-4d4f00710f79,1763961890.8441265
266.7615,1,c0f00341-001e-42ea-b8c8-d77f9a105723,91b49345-3555-4113-b871-5cdc62088a50,1763961890.8787382
266.7615,1,1a2912a6-243c-458c-af30-ef0b23dfa30d,91b49345-3555-4113-b871-5cdc62088a50,1763961890.8787382
266.7615,1,f8bcb5c6-c713-4579-b07c-50e739346909,91b49345-3555-4113-b871-5cdc62088a50,1763961890.9079597
267.0,1,29675994-cf98-4be7-bf21-21f55ae5c6a7,99699f37-7d87-4449-8a6d-f9f012e3f250,1763961890.9199462
266.75,1,e3f29cfa-9af3-457e-a9a7-1cfb5cfdbf9a,4a642f21-602d-421e-90eb-8b2a8a46c67e,1763961890.9872742
266.75,1,c9c0e953-4f20-4152-8874-52824560fc59,7ba07e78-6017-4bc4-b6a0-f4400de61982,1763961891.0420501
266.7512,1,ed360971-a71c-449a-a2c7-08a5509b7073,d985cf8e-7098-4ab9-8ba4-c47c2b5d2367,1763961891.0650132
266.76,1,0a4420b4-3329-4575-a023-bdedae5eefec,269046f9-15fe-47a9-8246-ac9d08d8b97f,1763961891.0670178
266.7863,1,d6e449d1-cbf9-4a53-acea-3e1ee8d55b00,cc51200d-af91-4622-bb11-e498e6046fe3,1763961891.0690155
266.7863,1,55ec110f-3f9f-46fd-8df2-ca0ff659e82e,4926ee17-9519-41ac-af45-0738455c2828,1763961891.071836
266.8012,1,d7ca9b02-c633-42b0-a5e7-2d4aecead0f8,17bd0cca-83e5-400c-a448-cb15498d39d0,1763961891.0748386
266.82,1,b9d3e121-a7f1-430f-af6e-65802dcc95ef,13656163-e03d-4fcb-a510-f3fb7e6d6de9,1763961891.0771
266.82,1,b9d3e121-a7f1-430f-af6e-65802dcc95ef,568ebb07-3958-434e-b462-dc9f050f39b0,1763961891.0771
266.82,1,b9d3e121-a7f1-430f-af6e-65802dcc95ef,be64848a-5bea-44a9-80f9-57f5d9d55b8f,1763961891.0771
266.83,1,b9d3e121-a7f1-430f-af6e-65802dcc95ef,bf585faf-b72c-4703-bda4-451a1f7130e5,1763961891.0771
266.85,1,28526354-61d1-4de3-95d5-8c59670e1681,998746fe-93e3-4f69-ae07-897bc28a5351,1763961891.0781224
266.85,1,28526354-61d1-4de3-95d5-8c59670e1681,d178e081-3f7d-4c0f-a4d0-dbb0ef9ec85b,1763961891.0781224
266.86,1,28526354-61d1-4de3-95d5-8c59670e1681,c7396d2b-df34-4619-b417-6af6bb2d702d,1763961891.0781224
266.86,1,a2c47616-39b3-4dec-bb1c-c9028e2cb141,4481d652-5d29-45ed-ad20-81f463f378dd,1763961891.0816345
266.89,1,a2c47616-39b3-4dec-bb1c-c9028e2cb141,7a8ff94a-5b04-4b96-a17a-3f00ca3e34b1,1763961891.0816345
266.9,1,a2c47616-39b3-4dec-bb1c-c9028e2cb141,7382efed-294b-4f61-83c5-c5c43dd38514,1763961891.0816345
266.9,1,a2c47616-39b3-4dec-bb1c-c9028e2cb141,f2947163-6c52-4a74-bacd-080e23276ef3,1763961891.0816345
266.9,1,81e1e28e-89a3-4c27-9436-88140b59dfdd,0d342724-a43f-4760-97bc-76bd3cb503fa,1763961891.083889
266.9,1,81e1e28e-89a3-4c27-9436-88140b59dfdd,0233e9d7-99e5-4424-ba35-090a198c0271,1763961891.083889
266.9025,1,ac4a15b5-2f41-4f5b-b7f1-b29a8e1af6bd,9def1bb9-d86e-48ff-9d12-78de9a91d9e6,1763961891.085897
266.91,1,ac4a15b5-2f41-4f5b-b7f1-b29a8e1af6bd,ce6e39d2-ef73-4ad1-aa99-836e979668d8,1763961891.085897
266.91,1,ac4a15b5-2f41-4f5b-b7f1-b29a8e1af6bd,99647e35-57ef-45a4-8d1e-279b0efc4eb3,1763961891.085897
266.91,1,cf26288c-697f-45cf-b604-d4f0ccd48c2e,54a89b09-5056-4653-9f92-90414983fd44,1763961891.0866213
266.9118,1,cf26288c-697f-45cf-b604-d4f0ccd48c2e,ef4d51de-b8b8-4af2-b0b2-e1f0535c45ec,1763961891.0866213
266.93,1,cf26288c-697f-45cf-b604-d4f0ccd48c2e,ed140a2d-bc8d-4c50-8f4c-80c8d696f34b,1763961891.0866213
266.9725,1,cf26288c-697f-45cf-b604-d4f0ccd48c2e,a781a04f-b1f4-41bd-a8bf-93ebfb0632d2,1763961891.0866213
267.0,1,9beb8d22-dda2-4188-b0b8-3ddd908a3cb1,99699f37-7d87-4449-8a6d-f9f012e3f250,1763961891.0866213
267.0,1,9beb8d22-dda2-4188-b0b8-3ddd908a3cb1,88c96de6-8de8-466b-865b-838dc25b4e1c,1763961891.0866213
267.0,1,9beb8d22-dda2-4188-b0b8-3ddd908a3cb1,eaba62b1-1cce-4eca-afc3-a4773362ef7f,1763961891.0866213
267.01,1,3a4dd848-d460-4296-ba10-6350be38c0f2,7c867113-fa42-4d80-b556-d223d696eef9,1763961891.0924249
267.0167,1,3a4dd848-d460-4296-ba10-6350be38c0f2,53b6cd04-5bd1-450a-bee1-10384b2b5438,1763961891.0924249
267.0475,2,b8810c41-98d7-4765-aa3c-f58f6400d8cc,cc7b081a-afac-4316-b616-a1d11a3ef035,1763961891.095218
267.07,1,b8810c41-98d7-4765-aa3c-f58f6400d8cc,4f129f00-94cb-4f61-bbb7-fd99705249a9,1763961891.095218
267.08,1,2a90c07c-4c20-4598-b6d6-0bbce123844f,04267418-2ae7-45f9-a55c-c53b30e21e10,1763961891.095218
267.1,1,2a90c07c-4c20-4598-b6d6-0bbce123844f,148873e6-a211-4412-9653-eab31ad803d3,1763961891.095218
267.1,1,32059f28-deb8-4e5b-ab7f-b9c523df38c1,148873e6-a211-4412-9653-eab31ad803d3,1763961891.095218
267.1,1,32059f28-deb8-4e5b-ab7f-b9c523df38c1,783a4ebd-7df5-486d-94c5-f4966f04a7af,1763961891.095218
267.1,1,07560c0e-5737-46ca-b8c0-622bb65373db,783a4ebd-7df5-486d-94c5-f4966f04a7af,1763961891.1031969
267.1,1,07560c0e-5737-46ca-b8c0-622bb65373db,b12d7023-2058-42ed-81dc-405e76e7a821,1763961891.1031969
267.11,1,07560c0e-5737-46ca-b8c0-622bb65373db,1852f4de-5974-4cf3-9e5a-58a3578a3a91,1763961891.1031969
267.11,1,de028d7d-32e4-4aed-a5f2-dc0de74dd4b4,eda677e4-b792-4abe-abbf-2eb49273d376,1763961891.1051888
267.12,1,de028d7d-32e4-4aed-a5f2-dc0de74dd4b4,c3510645-0d1b-49ea-9d73-c5bff6cbb949,1763961891.1051888
267.13,1,de028d7d-32e4-4aed-a5f2-dc0de74dd4b4,6fc0f7c0-4870-4c27-9bc8-85e4e94191e1,1763961891.1051888
267.13,2,e03f143a-4894-460d-8b0c-e1b146861963,6fc0f7c0-4870-4c27-9bc8-85e4e94191e1,1763961891.1081576
267.1786,2,dbee6add-b459-48ef-9bd2-39d3d8e62c6e,73560171-46ed-471d-ac58-7bd1b6173bdf,1763961891.1115441
267.19,2,1a6c67f3-94b9-42de-9c53-5749f567f586,342bcba7-592f-48c9-a60f-3c951fad1893,1763961891.1115441
267.2,2,8e7a3bd1-bfb4-4037-a369-73e622f5c685,2f9b0feb-87c3-468f-ad19-2f4d29cca91d,1763961891.1115441
267.2,1,8e7a3bd1-bfb4-4037-a369-73e622f5c685,bebf3474-ff79-4ff2-aaf8-6c59995fc67e,1763961891.1115441
267.21,2,a7bd67bb-7e1c-4f05-b33c-5abfa463b6c2,15898a8a-71a2-42b4-b253-84c92e00abca,1763961891.119307
267.21,1,a7bd67bb-7e1c-4f05-b33c-5abfa463b6c2,a841db09-0be5-43d7-ac66-bb627ab8f926,1763961891.119307
267.24,1,bb8d0586-e641-4a14-9f82-07905ac61bdc,7fd5ee7a-5d49-4b75-8bae-8a88e772e229,1763961891.1213043
267.25,2,bb8d0586-e641-4a14-9f82-07905ac61bdc,d6158d45-58cb-42fd-9bed-79a54d9fc6a9,1763961891.1213043
267.27,2,1f0b7360-6257-4875-b9fe-982052271686,c0dddd11-cc7a-4391-94bc-d5039435dfed,1763961891.1221504
267.2927,1,1f0b7360-6257-4875-b9fe-982052271686,eed69ace-8577-48a2-a648-cf945a265b89,1763961891.1221504
267.3,1,1f0b7360-6257-4875-b9fe-982052271686,c0470e64-3a6a-46fe-aae4-1d192c5d416f,1763961891.1221504
267.3,2,178361e7-42d0-424b-bd4f-93ea506e7308,c0470e64-3a6a-46fe-aae4-1d192c5d416f,1763961891.1221504
267.3,2,178361e7-42d0-424b-bd4f-93ea506e7308,71ad898d-c907-41d6-98f9-17ea8c45a1b9,1763961891.1221504
267.32,3,644a15dc-d9a0-480b-932b-b1bba4fc8621,c79cf82a-84f0-4940-8f92-055ddb18ee61,1763961891.1270673
267.35,2,3ca93de7-8b17-4056-bd5f-0f3692f84d9b,48d82460-0464-473b-822f-81b0d5cefa4e,1763961891.1304457
267.6,1,26d27462-25ec-458c-aa33-a65f517b15ac,e62370f1-bc9b-49e1-995f-5c3fd4d26791,1763961891.1555743
267.6,1,26d27462-25ec-458c-aa33-a65f517b15ac,28dc5735-8454-496d-99ff-0c334dd6e94a,1763961891.1577284
267.52,1,d7a81fe2-47b7-4cef-a7d0-320f82633ceb,a52eeb93-210a-401d-93af-d88eefcd7651,1763961891.1702957
267.6955,1,d7a81fe2-47b7-4cef-a7d0-320f82633ceb,0063b883-0791-4ae2-8b16-ebc532354a9c,1763961891.1800811
267.55,1,68513dac-1028-420e-8a19-7696006954f8,15b18c3e-1c65-4c05-8b3f-829a59d2c5d8,1763961891.1820865
267.6988,1,71308f4c-9370-463d-bc64-0f461a14b856,0616e908-d4a5-4083-b4db-b4537a7267b0,1763961891.1859505
267.55,1,42d3d802-42c6-4de9-877b-8371d63274c9,715dfb9c-1aa1-4646-998f-b6798d116736,1763961891.1883337
267.55,1,8fd444e1-fb54-462f-8457-8af8b9975bf0,14c3c0e6-3787-4ce9-a356-9113ce42d11c,1763961891.1908567
267.55,1,8fd444e1-fb54-462f-8457-8af8b9975bf0,9c618226-ae16-43be-9047-fa87a4da2377,1763961891.192231
267.65,1,94f85f4d-3f64-4abd-810e-0662e2df0e04,3f78dad7-ac1e-4dd7-ae6d-8b60b1cec684,1763961891.1973531
267.65,1,94f85f4d-3f64-4abd-810e-0662e2df0e04,91e96930-3e48-4a08-b81c-a35f71701af0,1763961891.19911
267.65,1,18f64f8b-9a80-4e97-ac33-c9fe4b16565f,92e9d25d-4b9a-4fa7-a17c-7343fce6574f,1763961891.201487
267.78,1,4ab2681a-b3cb-48c8-8f81-8e4b3c909c88,7b776325-384a-481a-b35c-c0dc450b0246,1763961891.2044833
267.01,1,cb7b9fd3-b1e9-408b-98f1-f0ebdb365e81,57f56810-8269-4c21-a708-eecd5b177fc0,1763961891.2064867
267.01,1,411a15c2-eb5b-405f-b5a7-772efff78d9b,57f56810-8269-4c21-a708-eecd5b177fc0,1763961891.2064867
267.25,1,3ca93de7-8b17-4056-bd5f-0f3692f84d9b,7748060c-5eed-4dfd-8bc6-069ce62d82e6,1763961891.2096138
267.25,1,bdb8db21-a2b8-49f1-a6da-fcdf6811afd2,7748060c-5eed-4dfd-8bc6-069ce62d82e6,1763961891.2096138
267.25,1,bdb8db21-a2b8-49f1-a6da-fcdf6811afd2,8a438063-a252-458c-b7be-c9b358c9413d,1763961891.212639
267.25,1,a4416b86-1edf-4ab7-b51d-369f6702da37,8a438063-a252-458c-b7be-c9b358c9413d,1763961891.212639
266.55,1,fdd6016a-f8b7-4d36-919f-4a0e377f2f2a,5b6e0374-456b-411e-b6d9-cd7a95bc46ca,1763961891.329113
266.55,2,db9bd30d-ce50-4ae5-89ce-0b736c4ed055,5b6e0374-456b-411e-b6d9-cd7a95bc46ca,1763961891.3384356
266.56,1,a9e6c434-62b4-440d-84ea-f15c0681c1fa,98b894d8-70e1-4f71-be4c-3a5af82aa736,1763961891.3404434
266.56,1,38bae821-b386-4486-b5cb-8c08353fb58c,98b894d8-70e1-4f71-be4c-3a5af82aa736,1763961891.3404434
266.56,1,450e1dbe-65d7-430d-8023-b05b67c87a5a,98b894d8-70e1-4f71-be4c-3a5af82aa736,1763961891.3454945
266.56,1,0b8875f8-1215-48ed-b70c-7417fd9cfe15,98b894d8-70e1-4f71-be4c-3a5af82aa736,1763961891.347495
266.65,1,4ac5cb1a-e392-4d82-966a-ac05a6c6b604,eda9f895-ac06-4548-aeb3-12ac4415171e,1763961891.3498547
266.65,1,bf7ff573-fa43-4a34-9c79-d33cebaf42bc,eda9f895-ac06-4548-aeb3-12ac4415171e,1763961891.3557956
266.65,1,a59df223-24fe-4bd8-a0b3-812e49d52270,eda9f895-ac06-4548-aeb3-12ac4415171e,1763961891.3593636
266.67,1,5f88edc6-c335-419c-be25-e5eb1919e0a5,772ba0b8-32da-4bac-a4da-d54e05f7a943,1763961891.360509
