symbol,timestamp,open,high,low,close,volume,trade_count,vwap
AAPL,2025-11-18 00:00:00+00:00,267.68,267.68,267.68,267.68,235.0,5.0,267.68
AAPL,2025-11-18 00:01:00+00:00,267.87,267.87,267.87,267.87,538.0,18.0,267.87
AAPL,2025-11-18 00:02:00+00:00,267.85,267.9,267.85,267.89,1103.0,22.0,267.884821
AAPL,2025-11-18 00:03:00+00:00,267.738,267.738,267.738,267.738,216.0,6.0,267.738
AAPL,2025-11-18 00:05:00+00:00,267.88,267.9,267.88,267.9,511.0,18.0,267.892
AAPL,2025-11-18 00:09:00+00:00,267.89,267.89,267.89,267.89,272.0,6.0,267.89
AAPL,2025-11-18 00:12:00+00:00,267.83,267.83,267.83,267.83,1355.0,10.0,267.83
AAPL,2025-11-18 00:14:00+00:00,267.8,267.8,267.77,267.77,704.0,20.0,267.784266
AAPL,2025-11-18 00:16:00+00:00,267.77,267.77,267.55,267.55,2750.0,56.0,267.696411
AAPL,2025-11-18 00:18:00+00:00,267.36,267.36,267.36,267.36,782.0,42.0,267.36
AAPL,2025-11-18 00:20:00+00:00,267.41,267.41,267.41,267.41,568.0,7.0,267.41
AAPL,2025-11-18 00:25:00+00:00,267.5,267.5,267.5,267.5,211.0,3.0,267.5
AAPL,2025-11-18 00:26:00+00:00,267.46,267.46,267.46,267.46,472.0,8.0,267.46
AAPL,2025-11-18 00:27:00+00:00,267.42,267.46,267.35,267.46,684.0,20.0,267.42465
AAPL,2025-11-18 00:28:00+00:00,267.45,267.45,267.45,267.45,654.0,9.0,267.45
AAPL,2025-11-18 00:30:00+00:00,267.36,267.36,267.36,267.36,404.0,13.0,267.36
AAPL,2025-11-18 00:31:00+00:00,267.4,267.45,267.4,267.45,468.0,5.0,267.436164
AAPL,2025-11-18 00:32:00+00:00,267.35,267.35,267.35,267.35,991.0,18.0,267.35
AAPL,2025-11-18 00:33:00+00:00,267.35,267.35,267.35,267.35,5755.0,22.0,267.35
AAPL,2025-11-18 00:34:00+00:00,267.25,267.25,267.25,267.25,285.0,21.0,267.25
AAPL,2025-11-18 00:35:00+00:00,267.25,267.25,267.13,267.13,1593.0,28.0,267.212304
AAPL,2025-11-18 00:36:00+00:00,267.27,267.27,267.27,267.27,387.0,16.0,267.27
AAPL,2025-11-18 00:37:00+00:00,267.27,267.65,267.2,267.22,10950.0,40.0,267.225266
AAPL,2025-11-18 00:38:00+00:00,267.2451,267.3,267.2451,267.3,1758.0,5.0,267.284314
AAPL,2025-11-18 00:45:00+00:00,267.06,267.3,267.06,267.3,1715.0,33.0,267.111959
AAPL,2025-11-18 00:46:00+00:00,267.3,267.59,267.3,267.59,1074.0,22.0,267.407714
AAPL,2025-11-18 00:47:00+00:00,267.59,267.59,267.1,267.1,990.0,22.0,267.451333
AAPL,2025-11-18 00:49:00+00:00,267.22,267.22,267.17,267.17,1283.0,33.0,267.202993
AAPL,2025-11-18 00:50:00+00:00,267.5,267.65,267.5,267.65,1451.0,46.0,267.570093
AAPL,2025-11-18 00:51:00+00:00,267.44,267.5,267.41,267.5,2351.0,20.0,267.443901
AAPL,2025-11-18 00:52:00+00:00,267.5,267.61,267.5,267.61,720.0,11.0,267.572052
AAPL,2025-11-18 00:53:00+00:00,267.55,267.55,267.51,267.51,578.0,9.0,267.525021
AAPL,2025-11-18 00:54:00+00:00,267.55,267.55,267.31,267.55,568.0,11.0,267.455013
AAPL,2025-11-18 00:57:00+00:00,267.3,267.58,267.3,267.58,295.0,11.0,267.45037
AAPL,2025-11-18 00:58:00+00:00,267.3001,267.4319,267.3001,267.4319,931.0,11.0,267.328931
AAPL,2025-11-18 00:59:00+00:00,267.69,267.69,267.55,267.69,1517.0,17.0,267.588077
AAPL,2025-11-18 09:00:00+00:00,266.7,268.0,266.7,267.51,4816.0,100.0,267.499314
AAPL,2025-11-18 09:02:00+00:00,267.53,267.53,267.51,267.51,549.0,15.0,267.52
AAPL,2025-11-18 09:03:00+00:00,267.62,267.62,267.62,267.62,508.0,23.0,267.62
AAPL,2025-11-18 09:04:00+00:00,267.8,267.9,267.8,267.86,2749.0,49.0,267.815548
AAPL,2025-11-18 09:05:00+00:00,267.9,267.9,267.54,267.54,1445.0,41.0,267.802006
AAPL,2025-11-18 09:06:00+00:00,267.93,267.93,267.8,267.8,731.0,14.0,267.865
AAPL,2025-11-18 09:07:00+00:00,267.8,267.8,267.8,267.8,446.0,9.0,267.8
AAPL,2025-11-18 09:08:00+00:00,267.89,268.03,267.89,268.03,4125.0,66.0,267.961339
AAPL,2025-11-18 09:09:00+00:00,268.1,268.1,268.0,268.0,4238.0,32.0,268.012479
AAPL,2025-11-18 09:11:00+00:00,267.88,267.9,267.88,267.9,731.0,63.0,267.888889
AAPL,2025-11-18 09:13:00+00:00,267.98,267.98,267.81,267.81,891.0,13.0,267.906197
AAPL,2025-11-18 09:14:00+00:00,267.94,267.94,267.94,267.94,920.0,31.0,267.94
AAPL,2025-11-18 09:15:00+00:00,267.95,267.97,267.95,267.97,1062.0,19.0,267.96349
AAPL,2025-11-18 09:16:00+00:00,268.0,268.0,267.98,267.98,797.0,26.0,267.991525
AAPL,2025-11-18 09:19:00+00:00,268.02,268.02,268.02,268.02,566.0,15.0,268.02
AAPL,2025-11-18 09:22:00+00:00,267.6,267.6,267.56,267.56,480.0,11.0,267.58
AAPL,2025-11-18 09:23:00+00:00,267.55,267.55,267.55,267.55,267.0,7.0,267.55
AAPL,2025-11-18 09:24:00+00:00,267.58,267.58,267.58,267.58,195.0,6.0,267.58
AAPL,2025-11-18 09:27:00+00:00,267.55,267.55,267.55,267.55,1035.0,46.0,267.55
AAPL,2025-11-18 09:30:00+00:00,267.43,267.43,267.43,267.43,248.0,10.0,267.43
AAPL,2025-11-18 09:35:00+00:00,267.59,267.59,267.59,267.59,590.0,26.0,267.59
AAPL,2025-11-18 09:39:00+00:00,267.5,267.5,267.5,267.5,418.0,10.0,267.5
AAPL,2025-11-18 09:40:00+00:00,267.5,267.5,267.5,267.5,268.0,10.0,267.5
AAPL,2025-11-18 09:42:00+00:00,267.36,267.36,267.36,267.36,320.0,7.0,267.36
AAPL,2025-11-18 09:45:00+00:00,267.49,267.49,267.48,267.48,550.0,16.0,267.484706
AAPL,2025-11-18 09:49:00+00:00,267.53,267.55,267.53,267.55,462.0,14.0,267.53963
AAPL,2025-11-18 09:51:00+00:00,267.65,267.68,267.65,267.68,1160.0,45.0,267.672295
AAPL,2025-11-18 09:52:00+00:00,267.94,268.15,267.93,268.15,4354.0,104.0,268.004324
AAPL,2025-11-18 09:55:00+00:00,268.2,268.5,268.19,268.5,2512.0,102.0,268.328198
AAPL,2025-11-18 09:57:00+00:00,268.56,268.8,268.5,268.5,2738.0,55.0,268.689482
AAPL,2025-11-18 09:58:00+00:00,268.45,268.45,268.45,268.45,118.0,6.0,268.45
AAPL,2025-11-18 09:59:00+00:00,268.59,268.59,268.59,268.59,336.0,6.0,268.59
AAPL,2025-11-18 10:02:00+00:00,268.58,268.58,268.58,268.58,199.0,4.0,268.58
AAPL,2025-11-18 10:04:00+00:00,268.44,268.44,268.44,268.44,139.0,8.0,268.44
AAPL,2025-11-18 10:06:00+00:00,268.4,268.4,268.38,268.38,339.0,7.0,268.39
AAPL,2025-11-18 10:08:00+00:00,268.21,268.21,268.21,268.21,892.0,25.0,268.21
AAPL,2025-11-18 10:10:00+00:00,268.23,268.23,268.23,268.23,251.0,5.0,268.23
AAPL,2025-11-18 10:13:00+00:00,268.26,268.26,268.23,268.26,1410.0,29.0,268.252525
AAPL,2025-11-18 10:14:00+00:00,268.2,268.2,268.2,268.2,808.0,19.0,268.2
AAPL,2025-11-18 10:15:00+00:00,268.22,268.22,268.22,268.22,851.0,25.0,268.22
AAPL,2025-11-18 10:17:00+00:00,268.2,268.2,268.2,268.2,854.0,21.0,268.2
AAPL,2025-11-18 10:18:00+00:00,268.4,268.45,268.4,268.45,2182.0,36.0,268.433196
AAPL,2025-11-18 10:22:00+00:00,268.24,268.24,268.24,268.24,279.0,7.0,268.24
AAPL,2025-11-18 10:24:00+00:00,268.23,268.23,268.23,268.23,501.0,4.0,268.23
AAPL,2025-11-18 10:27:00+00:00,268.23,268.24,268.23,268.24,1179.0,20.0,268.237318
AAPL,2025-11-18 10:28:00+00:00,268.37,268.37,268.37,268.37,328.0,22.0,268.37
AAPL,2025-11-18 10:29:00+00:00,268.5,268.6,268.5,268.6,1399.0,95.0,268.5685
AAPL,2025-11-18 10:30:00+00:00,268.62,268.72,268.62,268.72,312.0,13.0,268.67
AAPL,2025-11-18 10:31:00+00:00,268.7,269.26,268.7,269.26,4692.0,117.0,268.974162
AAPL,2025-11-18 10:32:00+00:00,269.25,269.7,269.25,269.7,5133.0,102.0,269.42835
AAPL,2025-11-18 10:33:00+00:00,269.6,269.7,269.59,269.7,3215.0,56.0,269.645369
AAPL,2025-11-18 10:34:00+00:00,269.7,269.7,269.59,269.7,3745.0,41.0,269.666029
AAPL,2025-11-18 10:35:00+00:00,269.36,269.36,269.33,269.33,824.0,28.0,269.343793
AAPL,2025-11-18 10:39:00+00:00,269.12,269.12,269.11,269.11,330.0,5.0,269.11531
AAPL,2025-11-18 10:40:00+00:00,269.36,269.36,269.36,269.36,452.0,18.0,269.36
AAPL,2025-11-18 10:44:00+00:00,269.28,269.33,269.28,269.3,1144.0,33.0,269.30197
AAPL,2025-11-18 10:45:00+00:00,269.4,269.49,269.23,269.29,5142.0,60.0,269.372865
AAPL,2025-11-18 10:46:00+00:00,269.15,269.15,269.15,269.15,825.0,27.0,269.15
AAPL,2025-11-18 10:47:00+00:00,269.16,269.24,269.16,269.21,2759.0,37.0,269.229987
AAPL,2025-11-18 10:48:00+00:00,269.09,269.09,269.09,269.09,242.0,6.0,269.09
AAPL,2025-11-18 10:50:00+00:00,269.09,269.22,269.09,269.22,1175.0,23.0,269.14
AAPL,2025-11-18 10:54:00+00:00,269.18,269.18,269.18,269.18,678.0,23.0,269.18
AAPL,2025-11-18 10:55:00+00:00,269.18,269.3,269.18,269.3,1814.0,53.0,269.190099
AAPL,2025-11-18 10:57:00+00:00,269.3,269.3,269.3,269.3,1074.0,13.0,269.3
AAPL,2025-11-18 11:06:00+00:00,269.43,269.58,269.43,269.53,1458.0,46.0,269.483441
AAPL,2025-11-18 11:07:00+00:00,269.5,269.5,269.49,269.49,1205.0,18.0,269.496195
AAPL,2025-11-18 11:08:00+00:00,269.37,269.37,269.18,269.18,1576.0,36.0,269.261898
AAPL,2025-11-18 11:09:00+00:00,269.18,269.18,269.17,269.17,485.0,10.0,269.176477
AAPL,2025-11-18 11:10:00+00:00,269.13,269.13,269.11,269.11,571.0,8.0,269.119972
AAPL,2025-11-18 11:13:00+00:00,269.01,269.01,268.98,268.99,591.0,25.0,268.995419
AAPL,2025-11-18 11:14:00+00:00,268.97,268.97,268.8,268.85,1575.0,27.0,268.846818
AAPL,2025-11-18 11:15:00+00:00,268.85,268.85,268.85,268.85,270.0,13.0,268.85
AAPL,2025-11-18 11:19:00+00:00,268.89,268.89,268.89,268.89,313.0,14.0,268.89
AAPL,2025-11-18 11:21:00+00:00,268.91,268.98,268.91,268.98,1269.0,29.0,268.94947
AAPL,2025-11-18 11:26:00+00:00,269.11,269.11,269.11,269.11,212.0,16.0,269.11
AAPL,2025-11-18 11:27:00+00:00,268.96,268.96,268.96,268.96,516.0,11.0,268.96
AAPL,2025-11-18 11:28:00+00:00,269.05,269.06,269.01,269.06,631.0,16.0,269.03
AAPL,2025-11-18 11:30:00+00:00,269.13,269.13,269.13,269.13,898.0,40.0,269.13
AAPL,2025-11-18 11:32:00+00:00,269.11,269.11,269.11,269.11,135.0,10.0,269.11
AAPL,2025-11-18 11:33:00+00:00,269.1,269.1,268.9,268.9,1691.0,35.0,268.955975
AAPL,2025-11-18 11:34:00+00:00,268.9,268.9,268.9,268.9,625.0,7.0,268.9
AAPL,2025-11-18 11:35:00+00:00,268.91,268.91,268.91,268.91,253.0,12.0,268.91
AAPL,2025-11-18 11:37:00+00:00,268.87,268.91,268.87,268.87,783.0,16.0,268.882342
AAPL,2025-11-18 11:38:00+00:00,268.85,268.85,268.83,268.83,1079.0,43.0,268.844545
AAPL,2025-11-18 11:39:00+00:00,268.95,268.95,268.95,268.95,178.0,8.0,268.95
AAPL,2025-11-18 11:46:00+00:00,269.02,269.02,269.02,269.02,165.0,6.0,269.02
AAPL,2025-11-18 11:49:00+00:00,268.87,268.87,268.87,268.87,259.0,14.0,268.87
AAPL,2025-11-18 11:54:00+00:00,269.13,269.13,269.13,269.13,267.0,13.0,269.13
AAPL,2025-11-18 11:55:00+00:00,268.97,268.97,268.97,268.97,216.0,5.0,268.97
AAPL,2025-11-18 12:00:00+00:00,269.0,269.1,268.74,268.98,9003.0,144.0,268.976614
AAPL,2025-11-18 12:01:00+00:00,269.0,269.0,269.0,269.0,240.0,6.0,269.0
AAPL,2025-11-18 12:02:00+00:00,269.0,269.0,268.74,268.92,1384.0,33.0,268.89216
AAPL,2025-11-18 12:03:00+00:00,268.71,268.71,268.53,268.55,2224.0,61.0,268.598171
AAPL,2025-11-18 12:04:00+00:00,268.57,268.57,268.52,268.52,933.0,15.0,268.555797
AAPL,2025-11-18 12:05:00+00:00,268.53,268.6,268.53,268.55,1426.0,19.0,268.554621
AAPL,2025-11-18 12:06:00+00:00,268.54,268.55,268.54,268.55,892.0,26.0,268.544305
AAPL,2025-11-18 12:07:00+00:00,268.6,268.63,268.6,268.63,799.0,26.0,268.615
AAPL,2025-11-18 12:08:00+00:00,268.6,268.6,268.59,268.6,1540.0,30.0,268.598409
AAPL,2025-11-18 12:09:00+00:00,268.55,268.55,268.5,268.55,2471.0,48.0,268.511666
AAPL,2025-11-18 12:10:00+00:00,268.51,268.51,268.51,268.51,403.0,19.0,268.51
AAPL,2025-11-18 12:11:00+00:00,268.51,268.51,268.51,268.51,334.0,14.0,268.51
AAPL,2025-11-18 12:12:00+00:00,268.5,268.55,268.5,268.5,1382.0,34.0,268.520419
AAPL,2025-11-18 12:13:00+00:00,268.52,268.52,268.52,268.52,120.0,2.0,268.52
AAPL,2025-11-18 12:14:00+00:00,268.54,268.54,268.54,268.54,202.0,13.0,268.54
AAPL,2025-11-18 12:15:00+00:00,268.57,268.57,268.57,268.57,326.0,12.0,268.57
AAPL,2025-11-18 12:16:00+00:00,268.57,268.57,268.57,268.57,639.0,27.0,268.57
AAPL,2025-11-18 12:18:00+00:00,268.65,268.65,268.62,268.62,996.0,24.0,268.63645
AAPL,2025-11-18 12:19:00+00:00,268.7,268.7,268.7,268.7,723.0,10.0,268.7
AAPL,2025-11-18 12:21:00+00:00,268.66,268.68,268.66,268.68,657.0,11.0,268.672
AAPL,2025-11-18 12:22:00+00:00,268.62,268.62,268.62,268.62,829.0,30.0,268.62
AAPL,2025-11-18 12:23:00+00:00,268.6,268.6,268.6,268.6,180.0,9.0,268.6
AAPL,2025-11-18 12:24:00+00:00,268.6,268.6,268.6,268.6,235.0,12.0,268.6
AAPL,2025-11-18 12:25:00+00:00,268.52,268.53,268.49,268.5,1654.0,43.0,268.508606
AAPL,2025-11-18 12:29:00+00:00,268.4,268.41,268.4,268.4,1240.0,32.0,268.402152
AAPL,2025-11-18 12:30:00+00:00,268.41,268.41,268.41,268.41,377.0,13.0,268.41
AAPL,2025-11-18 12:37:00+00:00,268.55,268.55,268.55,268.55,1346.0,45.0,268.55
AAPL,2025-11-18 12:41:00+00:00,268.52,268.52,268.5,268.5,850.0,23.0,268.510138
AAPL,2025-11-18 12:42:00+00:00,268.45,268.46,268.41,268.46,1733.0,32.0,268.444314
AAPL,2025-11-18 12:43:00+00:00,268.48,268.49,268.48,268.49,976.0,18.0,268.485404
AAPL,2025-11-18 12:45:00+00:00,268.39,268.41,268.11,268.23,2760.0,72.0,268.289812
AAPL,2025-11-18 12:47:00+00:00,268.38,268.5,268.35,268.5,1496.0,43.0,268.404559
AAPL,2025-11-18 12:48:00+00:00,268.6,268.6,268.6,268.6,923.0,46.0,268.6
AAPL,2025-11-18 12:50:00+00:00,268.38,268.48,268.38,268.48,1059.0,30.0,268.413333
AAPL,2025-11-18 12:51:00+00:00,268.44,268.44,268.44,268.44,352.0,15.0,268.44
AAPL,2025-11-18 12:53:00+00:00,268.47,268.47,268.47,268.47,451.0,13.0,268.47
AAPL,2025-11-18 12:54:00+00:00,268.41,268.41,268.3,268.3,749.0,20.0,268.376119
AAPL,2025-11-18 12:57:00+00:00,268.14,268.14,267.95,267.95,3270.0,97.0,268.005928
AAPL,2025-11-18 12:58:00+00:00,267.97,268.03,267.97,268.03,1272.0,40.0,267.99846
AAPL,2025-11-18 12:59:00+00:00,268.08,268.08,268.08,268.08,621.0,19.0,268.08
AAPL,2025-11-18 13:00:00+00:00,268.9209,269.49,266.13,266.13,43848.0,2018.0,268.318223
AAPL,2025-11-18 13:01:00+00:00,266.1,268.15,266.1,268.07,39849.0,1526.0,267.163457
AAPL,2025-11-18 13:02:00+00:00,268.1675,268.24,267.77,268.13,13060.0,372.0,268.079765
AAPL,2025-11-18 13:03:00+00:00,268.24,268.39,268.19,268.39,3068.0,60.0,268.252607
AAPL,2025-11-18 13:04:00+00:00,268.24,268.39,268.24,268.39,923.0,35.0,268.29
AAPL,2025-11-18 13:05:00+00:00,268.4,268.48,268.4,268.48,1415.0,37.0,268.44
AAPL,2025-11-18 13:06:00+00:00,268.4111,268.4199,268.4111,268.4198,2307.0,41.0,268.418378
AAPL,2025-11-18 13:07:00+00:00,268.4,268.4,268.4,268.4,738.0,33.0,268.4
AAPL,2025-11-18 13:09:00+00:00,268.3,268.38,268.27,268.27,807.0,29.0,268.325714
AAPL,2025-11-18 13:13:00+00:00,268.4,268.59,268.4,268.59,3741.0,106.0,268.519055
AAPL,2025-11-18 13:14:00+00:00,268.55,268.59,268.55,268.59,2397.0,19.0,268.586483
AAPL,2025-11-18 13:15:00+00:00,268.59,268.59,268.59,268.59,489.0,27.0,268.59
AAPL,2025-11-18 13:17:00+00:00,268.3206,268.3206,268.3206,268.3206,228.0,13.0,268.3206
AAPL,2025-11-18 13:18:00+00:00,268.4,268.6555,268.4,268.6555,1171.0,31.0,268.557874
AAPL,2025-11-18 13:19:00+00:00,268.4,268.4,268.4,268.4,4726.0,39.0,268.4
AAPL,2025-11-18 13:21:00+00:00,268.3597,268.3597,268.22,268.22,1673.0,42.0,268.329681
AAPL,2025-11-18 13:23:00+00:00,268.06,268.06,268.06,268.06,214.0,21.0,268.06
AAPL,2025-11-18 13:24:00+00:00,268.19,268.2,268.19,268.2,718.0,41.0,268.196499
AAPL,2025-11-18 13:26:00+00:00,268.24,268.25,268.24,268.25,534.0,18.0,268.247396
AAPL,2025-11-18 13:27:00+00:00,268.2,268.2,268.18,268.18,485.0,25.0,268.18641
AAPL,2025-11-18 13:28:00+00:00,268.11,268.12,268.08,268.1,1267.0,28.0,268.099519
AAPL,2025-11-18 13:29:00+00:00,268.18,268.18,268.1,268.1,756.0,64.0,268.121505
AAPL,2025-11-18 13:30:00+00:00,268.09,268.13,268.08,268.13,864.0,51.0,268.094349
AAPL,2025-11-18 13:31:00+00:00,268.2,268.36,268.2,268.36,1269.0,50.0,268.319167
AAPL,2025-11-18 13:32:00+00:00,268.34,268.34,268.34,268.34,363.0,29.0,268.34
AAPL,2025-11-18 13:33:00+00:00,268.33,268.4,268.33,268.39,1423.0,53.0,268.379747
AAPL,2025-11-18 13:34:00+00:00,268.42,268.42,268.4,268.42,1189.0,46.0,268.407838
AAPL,2025-11-18 13:35:00+00:00,268.4,268.5,268.4,268.5,1917.0,101.0,268.435211
AAPL,2025-11-18 13:36:00+00:00,268.5,268.55,268.47,268.5,3811.0,77.0,268.515061
AAPL,2025-11-18 13:37:00+00:00,268.5,268.59,268.5,268.58,9626.0,59.0,268.572216
AAPL,2025-11-18 13:38:00+00:00,268.5003,268.68,268.5003,268.68,1579.0,55.0,268.637538
AAPL,2025-11-18 13:39:00+00:00,268.69,268.79,268.67,268.739,4535.0,145.0,268.734102
AAPL,2025-11-18 13:40:00+00:00,268.78,268.86,268.5986,268.84,3939.0,110.0,268.797725
AAPL,2025-11-18 13:41:00+00:00,268.97,269.09,268.93,269.04,5720.0,208.0,269.006867
AAPL,2025-11-18 13:42:00+00:00,269.0,269.0,268.9987,268.9987,2263.0,85.0,268.999799
AAPL,2025-11-18 13:43:00+00:00,268.7107,268.7107,268.7107,268.7107,506.0,16.0,268.7107
AAPL,2025-11-18 13:44:00+00:00,268.7775,268.7775,268.7775,268.7775,528.0,17.0,268.7775
AAPL,2025-11-18 13:45:00+00:00,268.75,268.86,268.75,268.86,2244.0,57.0,268.765517
AAPL,2025-11-18 13:47:00+00:00,268.93,269.02,268.91,269.02,5321.0,141.0,268.947646
AAPL,2025-11-18 13:48:00+00:00,269.05,269.05,269.05,269.05,1588.0,78.0,269.05
AAPL,2025-11-18 13:49:00+00:00,269.2,269.2,269.0,269.05,1849.0,28.0,269.148666
AAPL,2025-11-18 13:50:00+00:00,269.05,269.07,268.74,268.75,4661.0,103.0,268.866413
AAPL,2025-11-18 13:51:00+00:00,268.5,268.5,268.5,268.5,551.0,29.0,268.5
AAPL,2025-11-18 13:52:00+00:00,268.5124,268.5124,268.5124,268.5124,413.0,24.0,268.5124
AAPL,2025-11-18 13:53:00+00:00,268.7446,268.7446,268.64,268.64,1089.0,22.0,268.725375
AAPL,2025-11-18 13:54:00+00:00,268.75,268.75,268.7001,268.75,5646.0,133.0,268.747701
AAPL,2025-11-18 13:55:00+00:00,268.9288,268.98,268.92,268.98,1018.0,35.0,268.961436
AAPL,2025-11-18 13:56:00+00:00,268.9995,268.9995,268.75,268.75,104263.0,44.0,268.912354
AAPL,2025-11-18 13:57:00+00:00,268.936,268.936,268.64,268.64,1698.0,42.0,268.820753
AAPL,2025-11-18 13:58:00+00:00,268.68,268.68,268.68,268.68,596.0,26.0,268.68
AAPL,2025-11-18 13:59:00+00:00,268.52,268.52,268.3,268.38,2140.0,72.0,268.432515
AAPL,2025-11-18 14:01:00+00:00,268.55,268.75,268.55,268.75,5239.0,130.0,268.637904
AAPL,2025-11-18 14:02:00+00:00,268.61,268.61,268.61,268.61,282.0,15.0,268.61
AAPL,2025-11-18 14:03:00+00:00,268.63,268.68,268.63,268.68,1272.0,34.0,268.649643
AAPL,2025-11-18 14:04:00+00:00,268.749,268.749,268.53,268.61,1545.0,59.0,268.625669
AAPL,2025-11-18 14:06:00+00:00,268.575,268.575,268.52,268.52,1483.0,24.0,268.531
AAPL,2025-11-18 14:07:00+00:00,268.58,268.6,268.42,268.6,1792.0,49.0,268.50616
AAPL,2025-11-18 14:08:00+00:00,268.3168,268.51,268.3168,268.51,1238.0,46.0,268.410092
AAPL,2025-11-18 14:09:00+00:00,268.5,268.6652,268.4831,268.6,746.0,25.0,268.553684
AAPL,2025-11-18 14:10:00+00:00,268.67,268.67,268.4743,268.4743,538.0,30.0,268.54653
AAPL,2025-11-18 14:11:00+00:00,268.53,268.6,268.53,268.59,3076.0,66.0,268.581481
AAPL,2025-11-18 14:12:00+00:00,268.55,268.55,268.3079,268.3079,1701.0,37.0,268.460968
AAPL,2025-11-18 14:13:00+00:00,268.39,268.39,268.39,268.39,501.0,48.0,268.39
AAPL,2025-11-18 14:14:00+00:00,268.38,268.44,268.38,268.44,2650.0,68.0,268.390556
AAPL,2025-11-18 14:15:00+00:00,268.3,268.3,268.3,268.3,1033.0,45.0,268.3
AAPL,2025-11-18 14:16:00+00:00,268.2636,268.2636,268.2636,268.2636,220.0,24.0,268.2636
AAPL,2025-11-18 14:17:00+00:00,268.41,268.5,268.41,268.45,2075.0,63.0,268.465357
AAPL,2025-11-18 14:18:00+00:00,268.43,268.43,268.43,268.43,533.0,30.0,268.43
AAPL,2025-11-18 14:19:00+00:00,268.43,268.49,268.43,268.49,1151.0,48.0,268.47863
AAPL,2025-11-18 14:20:00+00:00,268.3996,268.3996,268.3,268.32,1590.0,52.0,268.343065
AAPL,2025-11-18 14:21:00+00:00,268.3596,268.3596,268.3,268.3,1489.0,61.0,268.319867
AAPL,2025-11-18 14:22:00+00:00,268.21,268.2191,268.1,268.1,1395.0,77.0,268.18982
AAPL,2025-11-18 14:23:00+00:00,268.13,268.13,268.1,268.1,1426.0,79.0,268.118462
AAPL,2025-11-18 14:24:00+00:00,268.08,268.13,267.95,268.13,9258.0,246.0,268.02369
AAPL,2025-11-18 14:25:00+00:00,268.01,268.2,267.6,268.18,18540.0,341.0,267.878375
AAPL,2025-11-18 14:26:00+00:00,268.01,268.6395,268.01,268.5352,8258.0,229.0,268.376033
AAPL,2025-11-18 14:27:00+00:00,268.52,269.2,268.3678,269.12,14035.0,324.0,268.846743
AAPL,2025-11-18 14:28:00+00:00,269.54,270.0,269.0,269.96,42827.0,589.0,269.741516
AAPL,2025-11-18 14:29:00+00:00,269.95,270.05,269.87,269.92,39724.0,611.0,269.958518
AAPL,2025-11-18 14:30:00+00:00,269.99,270.71,269.3,270.58,1205057.0,17259.0,270.106224
AAPL,2025-11-18 14:31:00+00:00,270.53,270.57,269.31,269.35,248028.0,3959.0,269.739664
AAPL,2025-11-18 14:32:00+00:00,269.3585,269.67,269.0,269.575,321273.0,4959.0,269.273457
AAPL,2025-11-18 14:33:00+00:00,269.58,270.1089,269.256,269.36,236029.0,4244.0,269.628139
AAPL,2025-11-18 14:34:00+00:00,269.37,269.69,269.075,269.13,134684.0,2906.0,269.285463
AAPL,2025-11-18 14:35:00+00:00,269.14,269.5,268.8,269.325,203184.0,3389.0,269.126015
AAPL,2025-11-18 14:36:00+00:00,269.29,269.7,269.28,269.49,166065.0,2896.0,269.527765
AAPL,2025-11-18 14:37:00+00:00,269.48,269.72,269.2237,269.26,134024.0,2310.0,269.519634
AAPL,2025-11-18 14:38:00+00:00,269.29,269.455,268.52,268.6821,138121.0,2349.0,269.067685
AAPL,2025-11-18 14:39:00+00:00,268.68,268.99,268.41,268.52,149492.0,2428.0,268.694676
AAPL,2025-11-18 14:40:00+00:00,268.5,268.505,267.94,268.465,179769.0,2883.0,268.192566
AAPL,2025-11-18 14:41:00+00:00,268.5,268.78,267.99,268.05,108769.0,2250.0,268.485221
AAPL,2025-11-18 14:42:00+00:00,268.06,268.19,267.74,267.88,167420.0,3274.0,267.935463
AAPL,2025-11-18 14:43:00+00:00,267.945,268.11,267.63,268.06,199449.0,3392.0,267.823065
AAPL,2025-11-18 14:44:00+00:00,268.075,268.13,267.75,267.8,192219.0,3047.0,267.881704
AAPL,2025-11-18 14:45:00+00:00,267.8,268.71,267.68,268.631,262499.0,4574.0,268.304848
AAPL,2025-11-18 14:46:00+00:00,268.62,268.7263,268.23,268.3,135116.0,2519.0,268.440928
AAPL,2025-11-18 14:47:00+00:00,268.2701,268.39,267.66,267.6934,120603.0,2895.0,268.059513
AAPL,2025-11-18 14:48:00+00:00,267.7286,267.76,267.25,267.43,188714.0,4007.0,267.434108
AAPL,2025-11-18 14:49:00+00:00,267.45,267.57,266.7,266.815,159449.0,4006.0,267.038708
AAPL,2025-11-18 14:50:00+00:00,266.83,267.21,266.45,267.1999,165810.0,3559.0,266.748893
AAPL,2025-11-18 14:51:00+00:00,267.165,267.35,266.74,266.74,115291.0,2834.0,267.084317
AAPL,2025-11-18 14:52:00+00:00,266.74,266.96,266.66,266.7,118744.0,2964.0,266.784429
AAPL,2025-11-18 14:53:00+00:00,266.74,266.96,266.68,266.76,143750.0,3312.0,266.827938
AAPL,2025-11-18 14:54:00+00:00,266.76,266.93,266.575,266.7654,136642.0,3108.0,266.753869
AAPL,2025-11-18 14:55:00+00:00,266.75,266.94,266.54,266.86,136964.0,3372.0,266.724199
AAPL,2025-11-18 14:56:00+00:00,266.86,267.0675,266.68,266.85,140810.0,3058.0,266.883151
AAPL,2025-11-18 14:57:00+00:00,266.845,267.07,266.71,267.04,147123.0,3342.0,266.882421
AAPL,2025-11-18 14:58:00+00:00,267.03,267.2399,266.9886,267.1,165881.0,3463.0,267.091107
AAPL,2025-11-18 14:59:00+00:00,267.095,267.12,266.67,266.73,143999.0,3320.0,266.886122
AAPL,2025-11-18 15:00:00+00:00,266.725,267.29,266.66,267.06,280863.0,4083.0,266.90389
AAPL,2025-11-18 15:01:00+00:00,267.09,267.16,266.595,266.94,132621.0,3440.0,266.896857
AAPL,2025-11-18 15:02:00+00:00,266.97,266.99,266.5401,266.79,165989.0,3885.0,266.716081
AAPL,2025-11-18 15:03:00+00:00,266.79,267.28,266.79,267.01,171036.0,4280.0,267.051104
AAPL,2025-11-18 15:04:00+00:00,267.0,267.025,266.37,266.55,131689.0,3521.0,266.603088
AAPL,2025-11-18 15:05:00+00:00,266.54,266.5799,265.73,266.21,246914.0,5514.0,266.210989
AAPL,2025-11-18 15:06:00+00:00,266.2,266.575,266.2,266.4379,155897.0,3518.0,266.406178
AAPL,2025-11-18 15:07:00+00:00,266.435,266.9099,266.43,266.795,119321.0,2908.0,266.722576
AAPL,2025-11-18 15:08:00+00:00,266.8,266.945,266.57,266.7751,164768.0,3670.0,266.782098
AAPL,2025-11-18 15:09:00+00:00,266.75,266.94,266.6115,266.83,106258.0,2611.0,266.797224
AAPL,2025-11-18 15:10:00+00:00,266.79,266.97,266.59,266.735,122644.0,3048.0,266.786142
AAPL,2025-11-18 15:11:00+00:00,266.74,266.77,266.1377,266.25,123273.0,4152.0,266.442481
AAPL,2025-11-18 15:12:00+00:00,266.27,266.49,266.19,266.32,65430.0,2292.0,266.361075
AAPL,2025-11-18 15:13:00+00:00,266.34,266.59,266.1801,266.46,97107.0,2651.0,266.403646
AAPL,2025-11-18 15:14:00+00:00,266.46,266.73,266.45,266.53,89811.0,2340.0,266.599897
AAPL,2025-11-18 15:15:00+00:00,266.53,266.55,266.17,266.26,95090.0,2690.0,266.37551
AAPL,2025-11-18 15:16:00+00:00,266.27,266.3,265.83,265.8464,112508.0,2854.0,266.01032
AAPL,2025-11-18 15:17:00+00:00,265.84,265.91,265.33,265.534,285384.0,5073.0,265.622991
AAPL,2025-11-18 15:18:00+00:00,265.55,265.62,265.32,265.575,295903.0,3795.0,265.48458
AAPL,2025-11-18 15:19:00+00:00,265.6,266.11,265.54,266.1072,125753.0,2765.0,265.731873
AAPL,2025-11-18 15:20:00+00:00,266.1,266.79,266.01,266.79,144447.0,2787.0,266.294392
AAPL,2025-11-18 15:21:00+00:00,266.755,267.2145,266.64,267.12,237205.0,4040.0,266.896298
AAPL,2025-11-18 15:22:00+00:00,267.115,267.53,267.08,267.4345,94911.0,2507.0,267.31952
AAPL,2025-11-18 15:23:00+00:00,267.4379,267.75,267.4379,267.73,144091.0,3125.0,267.601163
AAPL,2025-11-18 15:24:00+00:00,267.6871,267.73,267.32,267.465,102125.0,2529.0,267.494722
AAPL,2025-11-18 15:25:00+00:00,267.48,267.688,267.44,267.653,112017.0,2455.0,267.561137
AAPL,2025-11-18 15:26:00+00:00,267.625,267.9299,267.54,267.895,98127.0,2634.0,267.74428
AAPL,2025-11-18 15:27:00+00:00,267.9,267.95,267.43,267.84,89828.0,2386.0,267.769157
AAPL,2025-11-18 15:28:00+00:00,267.83,267.94,267.4412,267.6232,86395.0,2215.0,267.683027
AAPL,2025-11-18 15:29:00+00:00,267.64,267.77,267.52,267.65,77922.0,2009.0,267.645253
AAPL,2025-11-18 15:30:00+00:00,267.665,268.07,267.61,268.0088,88486.0,2619.0,267.938144
AAPL,2025-11-18 15:31:00+00:00,268.02,268.065,267.5823,267.59,71504.0,2061.0,267.895472
AAPL,2025-11-18 15:32:00+00:00,267.65,268.08,267.54,268.04,75372.0,2185.0,267.867688
AAPL,2025-11-18 15:33:00+00:00,268.07,268.13,267.73,267.92,57871.0,1943.0,267.939842
AAPL,2025-11-18 15:34:00+00:00,267.91,267.93,267.68,267.89,57188.0,1815.0,267.81836
AAPL,2025-11-18 15:35:00+00:00,267.91,267.93,267.4855,267.59,96674.0,2057.0,267.618595
AAPL,2025-11-18 15:36:00+00:00,267.545,267.61,267.42,267.52,51321.0,1960.0,267.523495
AAPL,2025-11-18 15:37:00+00:00,267.59,267.755,267.18,267.31,73240.0,2167.0,267.504369
AAPL,2025-11-18 15:38:00+00:00,267.275,267.52,267.24,267.35,83123.0,2137.0,267.357858
AAPL,2025-11-18 15:39:00+00:00,267.3695,267.38,267.04,267.32,77798.0,2158.0,267.213148
AAPL,2025-11-18 15:40:00+00:00,267.33,267.33,266.865,267.165,66373.0,2023.0,267.046956
AAPL,2025-11-18 15:41:00+00:00,267.14,267.63,266.99,267.5425,113720.0,2414.0,267.288117
AAPL,2025-11-18 15:42:00+00:00,267.53,267.6358,267.08,267.08,63228.0,1741.0,267.39395
AAPL,2025-11-18 15:43:00+00:00,267.13,267.48,267.09,267.175,80333.0,1900.0,267.252946
AAPL,2025-11-18 15:44:00+00:00,267.2,267.7,267.14,267.56,75720.0,2119.0,267.443104
AAPL,2025-11-18 15:45:00+00:00,267.55,267.75,267.33,267.59,63757.0,1944.0,267.53811
AAPL,2025-11-18 15:46:00+00:00,267.57,267.75,267.46,267.73,77498.0,2022.0,267.649516
AAPL,2025-11-18 15:47:00+00:00,267.73,267.77,267.4,267.42,143247.0,3024.0,267.590488
AAPL,2025-11-18 15:48:00+00:00,267.41,267.4794,267.279,267.285,58492.0,1850.0,267.383591
AAPL,2025-11-18 15:49:00+00:00,267.29,267.41,267.18,267.22,44274.0,1610.0,267.254881
AAPL,2025-11-18 15:50:00+00:00,267.2,267.2,266.85,266.9,58457.0,2099.0,266.975743
AAPL,2025-11-18 15:51:00+00:00,266.885,267.07,266.86,267.0197,59593.0,1867.0,266.964815
AAPL,2025-11-18 15:52:00+00:00,267.008,267.19,266.915,267.0375,94902.0,2037.0,267.073165
AAPL,2025-11-18 15:53:00+00:00,267.08,267.09,266.85,266.85,34186.0,1686.0,266.98102
AAPL,2025-11-18 15:54:00+00:00,266.86,266.99,266.73,266.87,66231.0,2161.0,266.870022
AAPL,2025-11-18 15:55:00+00:00,266.85,267.16,266.78,267.075,54842.0,1969.0,267.001159
AAPL,2025-11-18 15:56:00+00:00,267.07,267.14,266.66,266.6732,61406.0,1955.0,266.932153
AAPL,2025-11-18 15:57:00+00:00,266.71,266.94,266.67,266.8,60866.0,1803.0,266.865831
AAPL,2025-11-18 15:58:00+00:00,266.78,266.92,266.59,266.6,89117.0,2230.0,266.732569
AAPL,2025-11-18 15:59:00+00:00,266.583,266.64,266.46,266.55,82461.0,2010.0,266.539207
AAPL,2025-11-18 16:00:00+00:00,266.55,266.71,266.41,266.665,114233.0,2434.0,266.544188
AAPL,2025-11-18 16:01:00+00:00,266.665,266.68,266.17,266.18,71205.0,2177.0,266.380433
AAPL,2025-11-18 16:02:00+00:00,266.16,266.32,266.09,266.1551,45244.0,1888.0,266.202968
AAPL,2025-11-18 16:03:00+00:00,266.155,266.18,266.028,266.0845,61737.0,2297.0,266.093291
AAPL,2025-11-18 16:04:00+00:00,266.06,266.28,266.04,266.19,55964.0,2072.0,266.169022
AAPL,2025-11-18 16:05:00+00:00,266.22,266.3547,266.11,266.225,59442.0,2115.0,266.222541
AAPL,2025-11-18 16:06:00+00:00,266.2,266.25,266.05,266.215,52375.0,2099.0,266.140113
AAPL,2025-11-18 16:07:00+00:00,266.22,266.59,266.18,266.525,119595.0,2727.0,266.439926
AAPL,2025-11-18 16:08:00+00:00,266.535,266.79,266.44,266.6,92613.0,2283.0,266.60867
AAPL,2025-11-18 16:09:00+00:00,266.585,266.7,266.47,266.57,138609.0,2205.0,266.565697
AAPL,2025-11-18 16:10:00+00:00,266.5899,266.92,266.52,266.7075,178819.0,3196.0,266.734869
AAPL,2025-11-18 16:11:00+00:00,266.7,267.18,266.69,267.105,104969.0,2594.0,266.918108
AAPL,2025-11-18 16:12:00+00:00,267.09,267.22,266.96,267.22,85376.0,2186.0,267.113965
AAPL,2025-11-18 16:13:00+00:00,267.2,267.355,267.1,267.2,92487.0,2207.0,267.191648
AAPL,2025-11-18 16:14:00+00:00,267.18,267.35,266.92,267.015,58826.0,2053.0,267.143365
AAPL,2025-11-18 16:15:00+00:00,267.03,267.08,266.86,266.9797,58659.0,2175.0,266.940294
AAPL,2025-11-18 16:16:00+00:00,266.9815,267.0692,266.85,267.05,57802.0,2179.0,266.948723
AAPL,2025-11-18 16:17:00+00:00,267.0,267.075,266.81,266.8699,50342.0,1744.0,266.928534
AAPL,2025-11-18 16:18:00+00:00,266.865,267.35,266.85,267.32,184031.0,2159.0,266.961698
AAPL,2025-11-18 16:19:00+00:00,267.35,267.36,267.19,267.275,48985.0,1997.0,267.260408
AAPL,2025-11-18 16:20:00+00:00,267.26,267.69,267.26,267.62,131506.0,2342.0,267.535411
AAPL,2025-11-18 16:21:00+00:00,267.61,267.63,267.46,267.5,53714.0,1842.0,267.567699
AAPL,2025-11-18 16:22:00+00:00,267.52,267.82,267.515,267.755,89705.0,1986.0,267.714953
AAPL,2025-11-18 16:23:00+00:00,267.74,267.761,267.3,267.515,99497.0,2143.0,267.497879
AAPL,2025-11-18 16:24:00+00:00,267.52,267.74,267.5,267.545,57532.0,1920.0,267.63504
AAPL,2025-11-18 16:25:00+00:00,267.535,267.75,267.43,267.7201,84170.0,2184.0,267.581434
AAPL,2025-11-18 16:26:00+00:00,267.75,267.895,267.63,267.7517,78081.0,2036.0,267.766928
AAPL,2025-11-18 16:27:00+00:00,267.76,267.84,267.66,267.74,85120.0,1978.0,267.740783
AAPL,2025-11-18 16:28:00+00:00,267.75,268.0,267.74,267.94,87414.0,1987.0,267.880165
AAPL,2025-11-18 16:29:00+00:00,267.95,268.12,267.805,267.84,77960.0,2084.0,267.955877
AAPL,2025-11-18 16:30:00+00:00,267.84,267.84,267.55,267.57,85404.0,2203.0,267.721215
AAPL,2025-11-18 16:31:00+00:00,267.55,267.895,267.55,267.85,124355.0,2731.0,267.718499
AAPL,2025-11-18 16:32:00+00:00,267.86,267.98,267.77,267.87,61304.0,1994.0,267.86339
AAPL,2025-11-18 16:33:00+00:00,267.85,267.85,267.7,267.81,56321.0,1974.0,267.787129
AAPL,2025-11-18 16:34:00+00:00,267.82,267.82,267.38,267.38,121039.0,2337.0,267.672127
AAPL,2025-11-18 16:35:00+00:00,267.3601,267.57,267.2734,267.55,63405.0,2020.0,267.417664
AAPL,2025-11-18 16:36:00+00:00,267.585,267.765,267.52,267.625,34985.0,1800.0,267.617165
AAPL,2025-11-18 16:37:00+00:00,267.65,267.74,267.57,267.61,36285.0,1697.0,267.650833
AAPL,2025-11-18 16:38:00+00:00,267.61,267.795,267.54,267.76,42900.0,1842.0,267.655862
AAPL,2025-11-18 16:39:00+00:00,267.74,267.74,267.38,267.38,38407.0,1843.0,267.53225
AAPL,2025-11-18 16:40:00+00:00,267.41,267.53,267.27,267.505,88905.0,2019.0,267.361657
AAPL,2025-11-18 16:41:00+00:00,267.48,267.67,267.45,267.61,33737.0,1675.0,267.558666
AAPL,2025-11-18 16:42:00+00:00,267.65,267.96,267.6,267.895,112266.0,2349.0,267.77589
AAPL,2025-11-18 16:43:00+00:00,267.8871,267.97,267.82,267.92,38824.0,1679.0,267.893333
AAPL,2025-11-18 16:44:00+00:00,267.9,268.08,267.7,268.06,80131.0,2059.0,267.888042
AAPL,2025-11-18 16:45:00+00:00,268.07,268.338,268.07,268.1108,88875.0,2357.0,268.178461
AAPL,2025-11-18 16:46:00+00:00,268.125,268.17,267.945,268.069,76134.0,2037.0,268.045703
AAPL,2025-11-18 16:47:00+00:00,268.0401,268.11,267.59,267.66,88522.0,2358.0,267.765033
AAPL,2025-11-18 16:48:00+00:00,267.6364,268.2099,267.57,267.98,136523.0,3041.0,267.912954
AAPL,2025-11-18 16:49:00+00:00,268.01,268.03,267.78,267.87,77974.0,2126.0,267.942088
AAPL,2025-11-18 16:50:00+00:00,267.87,267.97,267.73,267.91,48319.0,1811.0,267.845946
AAPL,2025-11-18 16:51:00+00:00,267.9499,268.025,267.76,267.792,39966.0,1508.0,267.894959
AAPL,2025-11-18 16:52:00+00:00,267.79,267.87,267.6,267.7436,52661.0,1779.0,267.720193
AAPL,2025-11-18 16:53:00+00:00,267.74,267.805,267.56,267.6,45858.0,1661.0,267.678307
AAPL,2025-11-18 16:54:00+00:00,267.61,267.83,267.52,267.8,53066.0,1811.0,267.65251
AAPL,2025-11-18 16:55:00+00:00,267.81,268.23,267.79,268.1067,70458.0,2160.0,268.069568
AAPL,2025-11-18 16:56:00+00:00,268.11,268.11,267.83,267.96,52921.0,1842.0,267.934874
AAPL,2025-11-18 16:57:00+00:00,267.9301,268.04,267.83,267.92,77459.0,1978.0,267.946549
AAPL,2025-11-18 16:58:00+00:00,267.95,267.95,267.55,267.56,67149.0,1751.0,267.846556
AAPL,2025-11-18 16:59:00+00:00,267.56,267.83,267.56,267.7,27673.0,1511.0,267.705213
AAPL,2025-11-18 17:00:00+00:00,267.7,267.945,267.64,267.915,41442.0,1651.0,267.836122
AAPL,2025-11-18 17:01:00+00:00,267.87,267.88,267.74,267.8118,33354.0,1602.0,267.814356
AAPL,2025-11-18 17:02:00+00:00,267.82,268.15,267.82,268.075,41996.0,1922.0,268.00521
AAPL,2025-11-18 17:03:00+00:00,268.05,268.05,267.7946,267.89,25486.0,1596.0,267.882412
AAPL,2025-11-18 17:04:00+00:00,267.8595,267.93,267.68,267.74,32226.0,1637.0,267.773882
AAPL,2025-11-18 17:05:00+00:00,267.74,267.85,267.67,267.71,29279.0,1523.0,267.734529
AAPL,2025-11-18 17:06:00+00:00,267.7,267.72,267.59,267.6,38232.0,1553.0,267.650923
AAPL,2025-11-18 17:07:00+00:00,267.64,268.04,267.6228,267.965,43071.0,1042.0,267.833062
AAPL,2025-11-18 17:08:00+00:00,267.94,267.97,267.83,267.92,20776.0,617.0,267.903258
AAPL,2025-11-18 17:09:00+00:00,267.9,267.9699,267.77,267.84,111372.0,1030.0,267.878363
AAPL,2025-11-18 17:10:00+00:00,267.82,268.16,267.7906,268.07,41748.0,1098.0,268.057993
AAPL,2025-11-18 17:11:00+00:00,268.04,268.15,267.98,268.09,36368.0,734.0,268.054328
AAPL,2025-11-18 17:12:00+00:00,268.11,268.21,267.96,267.96,51016.0,1247.0,268.087372
AAPL,2025-11-18 17:13:00+00:00,267.93,268.0,267.83,267.8792,37140.0,959.0,267.93345
AAPL,2025-11-18 17:14:00+00:00,267.86,267.86,267.49,267.51,54568.0,942.0,267.610458
AAPL,2025-11-18 17:15:00+00:00,267.51,267.7,267.5,267.55,51596.0,1107.0,267.574521
AAPL,2025-11-18 17:16:00+00:00,267.53,267.7099,267.44,267.61,46118.0,1018.0,267.568719
AAPL,2025-11-18 17:17:00+00:00,267.605,267.62,267.4,267.54,69536.0,1101.0,267.534753
AAPL,2025-11-18 17:18:00+00:00,267.535,267.78,267.535,267.55,51608.0,1032.0,267.635225
AAPL,2025-11-18 17:19:00+00:00,267.5999,267.635,267.36,267.42,43407.0,837.0,267.497966
AAPL,2025-11-18 17:20:00+00:00,267.44,267.85,267.44,267.79,59271.0,1359.0,267.675441
AAPL,2025-11-18 17:21:00+00:00,267.7727,267.96,267.7696,267.83,52810.0,919.0,267.81529
AAPL,2025-11-18 17:22:00+00:00,267.84,267.88,267.52,267.53,53465.0,1006.0,267.699472
AAPL,2025-11-18 17:23:00+00:00,267.53,267.56,267.34,267.4005,50576.0,973.0,267.438761
AAPL,2025-11-18 17:24:00+00:00,267.38,267.45,267.26,267.275,25462.0,752.0,267.343568
AAPL,2025-11-18 17:25:00+00:00,267.26,267.48,267.2,267.27,54441.0,1054.0,267.322594
AAPL,2025-11-18 17:26:00+00:00,267.27,267.48,267.17,267.45,44312.0,869.0,267.264475
AAPL,2025-11-18 17:27:00+00:00,267.46,267.49,267.27,267.2817,90035.0,1350.0,267.341372
AAPL,2025-11-18 17:28:00+00:00,267.335,267.36,267.13,267.18,50891.0,1090.0,267.210576
AAPL,2025-11-18 17:29:00+00:00,267.21,267.2525,267.14,267.165,45292.0,887.0,267.1863
AAPL,2025-11-18 17:30:00+00:00,267.16,267.175,266.955,266.96,77024.0,1209.0,267.059771
AAPL,2025-11-18 17:31:00+00:00,266.95,266.95,266.75,266.815,78184.0,1278.0,266.8479
AAPL,2025-11-18 17:32:00+00:00,266.81,266.81,266.6109,266.6109,32051.0,840.0,266.72484
AAPL,2025-11-18 17:33:00+00:00,266.61,266.775,266.56,266.6,37702.0,895.0,266.694422
AAPL,2025-11-18 17:34:00+00:00,266.59,266.9001,266.43,266.85,33044.0,992.0,266.614637
AAPL,2025-11-18 17:35:00+00:00,266.83,267.07,266.81,266.98,72847.0,1782.0,266.943054
AAPL,2025-11-18 17:36:00+00:00,266.98,267.2904,266.97,267.27,42615.0,1138.0,267.143155
AAPL,2025-11-18 17:37:00+00:00,267.2722,267.44,267.24,267.44,133629.0,943.0,267.332215
AAPL,2025-11-18 17:38:00+00:00,267.5099,267.82,267.36,267.72,71528.0,1565.0,267.593801
AAPL,2025-11-18 17:39:00+00:00,267.725,267.895,267.65,267.88,56056.0,1327.0,267.761797
AAPL,2025-11-18 17:40:00+00:00,267.92,268.1429,267.92,268.0,49979.0,1153.0,268.025496
AAPL,2025-11-18 17:41:00+00:00,267.97,268.23,267.97,268.06,81480.0,1000.0,268.165315
AAPL,2025-11-18 17:42:00+00:00,268.06,268.39,268.01,268.26,61165.0,1282.0,268.210689
AAPL,2025-11-18 17:43:00+00:00,268.23,268.58,268.09,268.2796,86620.0,1944.0,268.350731
AAPL,2025-11-18 17:44:00+00:00,268.275,268.45,268.165,268.42,38917.0,1037.0,268.314837
AAPL,2025-11-18 17:45:00+00:00,268.42,268.43,268.14,268.205,42917.0,1167.0,268.272398
AAPL,2025-11-18 17:46:00+00:00,268.25,268.3156,267.99,268.02,42500.0,1160.0,268.121834
AAPL,2025-11-18 17:47:00+00:00,268.05,268.3499,268.0401,268.29,25162.0,758.0,268.193525
AAPL,2025-11-18 17:48:00+00:00,268.27,268.49,268.27,268.41,37899.0,871.0,268.423574
AAPL,2025-11-18 17:49:00+00:00,268.42,268.46,268.305,268.35,32322.0,803.0,268.398131
AAPL,2025-11-18 17:50:00+00:00,268.33,268.39,268.16,268.23,39910.0,1038.0,268.285451
AAPL,2025-11-18 17:51:00+00:00,268.25,268.28,268.12,268.19,41523.0,968.0,268.205091
AAPL,2025-11-18 17:52:00+00:00,268.205,268.3615,268.19,268.315,27173.0,705.0,268.279708
AAPL,2025-11-18 17:53:00+00:00,268.32,268.65,268.305,268.5806,387261.0,1345.0,268.506715
AAPL,2025-11-18 17:54:00+00:00,268.59,268.6345,268.48,268.5964,36434.0,881.0,268.573825
AAPL,2025-11-18 17:55:00+00:00,268.58,268.61,268.35,268.54,70927.0,1741.0,268.508583
AAPL,2025-11-18 17:56:00+00:00,268.5358,268.6722,268.535,268.66,247303.0,1331.0,268.605949
AAPL,2025-11-18 17:57:00+00:00,268.63,268.725,268.53,268.61,44815.0,1101.0,268.634438
AAPL,2025-11-18 17:58:00+00:00,268.655,268.79,268.63,268.685,122310.0,2061.0,268.712136
AAPL,2025-11-18 17:59:00+00:00,268.6925,268.73,268.51,268.56,46689.0,1051.0,268.631849
AAPL,2025-11-18 18:00:00+00:00,268.5786,268.83,268.5786,268.63,52127.0,941.0,268.729796
AAPL,2025-11-18 18:01:00+00:00,268.65,268.739,268.52,268.54,30465.0,830.0,268.640181
AAPL,2025-11-18 18:02:00+00:00,268.575,268.61,268.3,268.3,32424.0,841.0,268.484699
AAPL,2025-11-18 18:03:00+00:00,268.29,268.44,268.23,268.29,35878.0,924.0,268.331257
AAPL,2025-11-18 18:04:00+00:00,268.28,268.32,268.18,268.28,28667.0,793.0,268.236237
AAPL,2025-11-18 18:05:00+00:00,268.28,268.35,268.23,268.3,22662.0,818.0,268.30304
AAPL,2025-11-18 18:06:00+00:00,268.29,268.45,268.26,268.415,33626.0,920.0,268.369909
AAPL,2025-11-18 18:07:00+00:00,268.46,268.5299,268.27,268.27,26398.0,725.0,268.422772
AAPL,2025-11-18 18:08:00+00:00,268.29,268.41,268.21,268.33,40045.0,1055.0,268.319108
AAPL,2025-11-18 18:09:00+00:00,268.31,268.45,268.24,268.32,41099.0,987.0,268.353758
AAPL,2025-11-18 18:10:00+00:00,268.34,268.43,268.24,268.43,23500.0,656.0,268.354834
AAPL,2025-11-18 18:11:00+00:00,268.425,268.51,268.375,268.43,22852.0,695.0,268.452283
AAPL,2025-11-18 18:12:00+00:00,268.45,268.575,268.33,268.385,46710.0,833.0,268.475852
AAPL,2025-11-18 18:13:00+00:00,268.38,268.49,268.17,268.17,77662.0,1328.0,268.337051
AAPL,2025-11-18 18:14:00+00:00,268.1987,268.55,268.15,268.545,121059.0,1849.0,268.402478
AAPL,2025-11-18 18:15:00+00:00,268.545,268.545,268.02,268.2902,52367.0,1016.0,268.215081
AAPL,2025-11-18 18:16:00+00:00,268.315,268.56,268.315,268.5,67675.0,1073.0,268.461903
AAPL,2025-11-18 18:17:00+00:00,268.515,268.57,268.37,268.39,74313.0,1417.0,268.491991
AAPL,2025-11-18 18:18:00+00:00,268.41,268.5275,268.295,268.45,36805.0,1009.0,268.42319
AAPL,2025-11-18 18:19:00+00:00,268.42,268.58,268.41,268.485,66998.0,1175.0,268.484841
AAPL,2025-11-18 18:20:00+00:00,268.48,268.49,268.27,268.29,68970.0,1344.0,268.410083
AAPL,2025-11-18 18:21:00+00:00,268.28,268.54,268.28,268.5143,34428.0,913.0,268.400542
AAPL,2025-11-18 18:22:00+00:00,268.52,268.62,268.46,268.62,31178.0,944.0,268.538531
AAPL,2025-11-18 18:23:00+00:00,268.625,268.7,268.58,268.6601,29039.0,748.0,268.649701
AAPL,2025-11-18 18:24:00+00:00,268.675,268.79,268.54,268.6902,30672.0,754.0,268.701075
AAPL,2025-11-18 18:25:00+00:00,268.69,268.7363,268.55,268.5801,23435.0,694.0,268.621753
AAPL,2025-11-18 18:26:00+00:00,268.58,268.625,268.5,268.5686,24786.0,657.0,268.56717
AAPL,2025-11-18 18:27:00+00:00,268.57,268.92,268.56,268.87,55842.0,1006.0,268.840887
AAPL,2025-11-18 18:28:00+00:00,268.88,268.93,268.6551,268.695,48908.0,1018.0,268.845243
AAPL,2025-11-18 18:29:00+00:00,268.695,268.695,268.41,268.45,51352.0,983.0,268.526892
AAPL,2025-11-18 18:30:00+00:00,268.43,268.815,268.43,268.75,41174.0,1111.0,268.726787
AAPL,2025-11-18 18:31:00+00:00,268.75,269.01,268.69,268.99,111240.0,1683.0,268.913851
AAPL,2025-11-18 18:32:00+00:00,268.9865,269.1364,268.88,269.09,79289.0,1416.0,269.02362
AAPL,2025-11-18 18:33:00+00:00,269.1,269.1,268.9396,269.04,48708.0,1002.0,269.02169
AAPL,2025-11-18 18:34:00+00:00,269.061,269.13,268.95,269.04,52287.0,1064.0,269.037638
AAPL,2025-11-18 18:35:00+00:00,269.04,269.13,268.84,268.84,47818.0,1072.0,268.998214
AAPL,2025-11-18 18:36:00+00:00,268.83,268.88,268.57,268.64,34310.0,829.0,268.749398
AAPL,2025-11-18 18:37:00+00:00,268.635,268.635,268.365,268.52,51480.0,1143.0,268.477397
AAPL,2025-11-18 18:38:00+00:00,268.51,268.617,268.42,268.52,38347.0,1000.0,268.501856
AAPL,2025-11-18 18:39:00+00:00,268.52,268.69,268.505,268.5251,36274.0,960.0,268.583855
AAPL,2025-11-18 18:40:00+00:00,268.54,268.92,268.54,268.88,71698.0,1530.0,268.751193
AAPL,2025-11-18 18:41:00+00:00,268.86,268.86,268.72,268.75,36211.0,943.0,268.7792
AAPL,2025-11-18 18:42:00+00:00,268.75,268.76,268.48,268.67,64852.0,1580.0,268.600466
AAPL,2025-11-18 18:43:00+00:00,268.66,268.715,268.4,268.69,87353.0,1561.0,268.548663
AAPL,2025-11-18 18:44:00+00:00,268.7,268.73,268.5515,268.57,56378.0,821.0,268.620674
AAPL,2025-11-18 18:45:00+00:00,268.561,268.7206,268.49,268.605,44431.0,836.0,268.60493
AAPL,2025-11-18 18:46:00+00:00,268.65,268.8392,268.65,268.74,25906.0,711.0,268.731789
AAPL,2025-11-18 18:47:00+00:00,268.7399,268.84,268.66,268.755,34697.0,841.0,268.768032
AAPL,2025-11-18 18:48:00+00:00,268.77,268.82,268.59,268.665,34874.0,955.0,268.669397
AAPL,2025-11-18 18:49:00+00:00,268.65,268.94,268.6,268.905,49116.0,1078.0,268.752567
AAPL,2025-11-18 18:50:00+00:00,268.91,268.94,268.78,268.91,26181.0,738.0,268.852893
AAPL,2025-11-18 18:51:00+00:00,268.92,269.0865,268.92,269.0784,25556.0,774.0,268.994574
AAPL,2025-11-18 18:52:00+00:00,269.05,269.2,268.99,269.18,38244.0,889.0,269.136268
AAPL,2025-11-18 18:53:00+00:00,269.15,269.22,269.04,269.04,46032.0,1015.0,269.141815
AAPL,2025-11-18 18:54:00+00:00,269.07,269.15,268.99,269.0,28088.0,849.0,269.080072
AAPL,2025-11-18 18:55:00+00:00,269.0,269.0,268.65,268.699,60041.0,1615.0,268.809866
AAPL,2025-11-18 18:56:00+00:00,268.63,268.74,268.54,268.67,37704.0,1055.0,268.656764
AAPL,2025-11-18 18:57:00+00:00,268.67,268.705,268.56,268.56,31269.0,711.0,268.623926
AAPL,2025-11-18 18:58:00+00:00,268.58,268.59,268.34,268.3575,46946.0,1112.0,268.435543
AAPL,2025-11-18 18:59:00+00:00,268.365,268.4,268.17,268.27,64301.0,1152.0,268.250891
AAPL,2025-11-18 19:00:00+00:00,268.27,268.47,268.16,268.41,84328.0,1142.0,268.257664
AAPL,2025-11-18 19:01:00+00:00,268.39,268.74,268.3625,268.52,70977.0,1295.0,268.595356
AAPL,2025-11-18 19:02:00+00:00,268.54,268.54,268.33,268.44,41643.0,1011.0,268.434383
AAPL,2025-11-18 19:03:00+00:00,268.43,268.43,268.1,268.25,45378.0,1040.0,268.257068
AAPL,2025-11-18 19:04:00+00:00,268.29,268.41,268.23,268.32,31955.0,679.0,268.302517
AAPL,2025-11-18 19:05:00+00:00,268.315,268.53,268.31,268.44,48448.0,837.0,268.428031
AAPL,2025-11-18 19:06:00+00:00,268.445,268.48,268.3401,268.4601,31734.0,647.0,268.418711
AAPL,2025-11-18 19:07:00+00:00,268.455,268.58,268.38,268.4799,36737.0,665.0,268.453688
AAPL,2025-11-18 19:08:00+00:00,268.45,268.505,268.36,268.47,38181.0,698.0,268.422943
AAPL,2025-11-18 19:09:00+00:00,268.47,268.68,268.42,268.63,41612.0,852.0,268.565588
AAPL,2025-11-18 19:10:00+00:00,268.64,268.64,268.38,268.41,62772.0,933.0,268.473275
AAPL,2025-11-18 19:11:00+00:00,268.39,268.44,268.26,268.29,75316.0,933.0,268.334606
AAPL,2025-11-18 19:12:00+00:00,268.33,268.48,268.32,268.395,37973.0,647.0,268.376229
AAPL,2025-11-18 19:13:00+00:00,268.39,268.54,268.24,268.505,62893.0,1069.0,268.359092
AAPL,2025-11-18 19:14:00+00:00,268.51,268.61,268.4604,268.485,32954.0,604.0,268.533266
AAPL,2025-11-18 19:15:00+00:00,268.49,268.505,268.23,268.27,29599.0,781.0,268.374785
AAPL,2025-11-18 19:16:00+00:00,268.28,268.32,268.14,268.29,58292.0,873.0,268.214912
AAPL,2025-11-18 19:17:00+00:00,268.28,268.29,268.09,268.1722,31120.0,705.0,268.177268
AAPL,2025-11-18 19:18:00+00:00,268.18,268.36,268.18,268.27,31928.0,661.0,268.238884
AAPL,2025-11-18 19:19:00+00:00,268.26,268.48,268.22,268.43,45612.0,969.0,268.362862
AAPL,2025-11-18 19:20:00+00:00,268.43,268.52,268.25,268.28,42462.0,923.0,268.436067
AAPL,2025-11-18 19:21:00+00:00,268.29,268.29,268.075,268.075,38655.0,858.0,268.199755
AAPL,2025-11-18 19:22:00+00:00,268.09,268.25,268.07,268.158,51465.0,779.0,268.149433
AAPL,2025-11-18 19:23:00+00:00,268.16,268.18,267.99,268.09,48195.0,959.0,268.045348
AAPL,2025-11-18 19:24:00+00:00,268.09,268.1,267.97,268.08,36252.0,710.0,268.040943
AAPL,2025-11-18 19:25:00+00:00,268.11,268.32,268.1,268.25,49234.0,1060.0,268.223164
AAPL,2025-11-18 19:26:00+00:00,268.27,268.32,268.19,268.21,29846.0,634.0,268.266373
AAPL,2025-11-18 19:27:00+00:00,268.19,268.23,268.05,268.125,34440.0,653.0,268.117305
AAPL,2025-11-18 19:28:00+00:00,268.125,268.125,267.96,267.98,43662.0,707.0,268.019018
AAPL,2025-11-18 19:29:00+00:00,267.98,268.05,267.96,268.0345,39064.0,639.0,267.999081
AAPL,2025-11-18 19:30:00+00:00,268.05,268.07,267.94,267.94,38490.0,793.0,268.012213
AAPL,2025-11-18 19:31:00+00:00,267.9204,267.9922,267.85,267.88,58990.0,1094.0,267.911199
AAPL,2025-11-18 19:32:00+00:00,267.89,267.89,267.68,267.85,81287.0,1358.0,267.758859
AAPL,2025-11-18 19:33:00+00:00,267.88,267.99,267.82,267.93,42406.0,822.0,267.887742
AAPL,2025-11-18 19:34:00+00:00,267.94,267.99,267.87,267.87,33687.0,940.0,267.933582
AAPL,2025-11-18 19:35:00+00:00,267.88,268.1,267.79,268.1,38246.0,786.0,267.941624
AAPL,2025-11-18 19:36:00+00:00,268.11,268.18,268.05,268.11,40882.0,812.0,268.110064
AAPL,2025-11-18 19:37:00+00:00,268.13,268.38,268.1175,268.1402,53949.0,1041.0,268.255154
AAPL,2025-11-18 19:38:00+00:00,268.14,268.41,268.09,268.36,64071.0,1174.0,268.226811
AAPL,2025-11-18 19:39:00+00:00,268.39,268.6,268.375,268.585,53036.0,960.0,268.496586
AAPL,2025-11-18 19:40:00+00:00,268.58,268.74,268.51,268.64,67308.0,1333.0,268.629284
AAPL,2025-11-18 19:41:00+00:00,268.63,268.66,268.41,268.425,61890.0,968.0,268.533515
AAPL,2025-11-18 19:42:00+00:00,268.42,268.51,268.36,268.45,37215.0,717.0,268.431834
AAPL,2025-11-18 19:43:00+00:00,268.44,268.49,268.37,268.38,30051.0,669.0,268.434477
AAPL,2025-11-18 19:44:00+00:00,268.37,268.41,268.0,268.1,40173.0,947.0,268.233006
AAPL,2025-11-18 19:45:00+00:00,268.1,268.36,268.04,268.2901,39723.0,868.0,268.198586
AAPL,2025-11-18 19:46:00+00:00,268.29,268.29,268.115,268.225,34261.0,719.0,268.208647
AAPL,2025-11-18 19:47:00+00:00,268.235,268.58,268.235,268.545,93210.0,1255.0,268.459769
AAPL,2025-11-18 19:48:00+00:00,268.53,268.57,268.28,268.32,67783.0,1045.0,268.44913
AAPL,2025-11-18 19:49:00+00:00,268.305,268.4,268.24,268.33,75698.0,915.0,268.332986
AAPL,2025-11-18 19:50:00+00:00,268.33,268.46,268.2,268.42,37158.0,840.0,268.348155
AAPL,2025-11-18 19:51:00+00:00,268.415,268.49,268.28,268.38,35624.0,815.0,268.391658
AAPL,2025-11-18 19:52:00+00:00,268.37,268.4,268.31,268.34,27179.0,647.0,268.348688
AAPL,2025-11-18 19:53:00+00:00,268.35,268.4,268.19,268.25,39124.0,884.0,268.302617
AAPL,2025-11-18 19:54:00+00:00,268.29,268.29,268.12,268.12,21154.0,576.0,268.208219
AAPL,2025-11-18 19:55:00+00:00,268.12,268.29,268.03,268.2745,40703.0,982.0,268.148501
AAPL,2025-11-18 19:56:00+00:00,268.24,268.53,268.225,268.5141,41883.0,982.0,268.365575
AAPL,2025-11-18 19:57:00+00:00,268.55,268.665,268.53,268.58,72782.0,1041.0,268.607511
AAPL,2025-11-18 19:58:00+00:00,268.57,268.6699,268.52,268.585,53837.0,812.0,268.611117
AAPL,2025-11-18 19:59:00+00:00,268.585,268.8,268.581,268.795,46634.0,947.0,268.670999
AAPL,2025-11-18 20:00:00+00:00,268.79,268.93,268.7339,268.885,46884.0,913.0,268.849787
AAPL,2025-11-18 20:01:00+00:00,268.91,268.925,268.705,268.82,33954.0,800.0,268.80818
AAPL,2025-11-18 20:02:00+00:00,268.84,268.87,268.56,268.69,41883.0,866.0,268.730041
AAPL,2025-11-18 20:03:00+00:00,268.68,268.69,268.46,268.47,38356.0,804.0,268.556593
AAPL,2025-11-18 20:04:00+00:00,268.49,268.51,268.37,268.44,29800.0,668.0,268.446689
AAPL,2025-11-18 20:05:00+00:00,268.4473,268.48,268.29,268.3,40169.0,937.0,268.366461
AAPL,2025-11-18 20:06:00+00:00,268.27,268.333,268.2,268.255,33010.0,860.0,268.258379
AAPL,2025-11-18 20:07:00+00:00,268.255,268.29,268.17,268.285,37684.0,834.0,268.230757
AAPL,2025-11-18 20:08:00+00:00,268.33,268.34,268.19,268.19,47701.0,692.0,268.29342
AAPL,2025-11-18 20:09:00+00:00,268.22,268.335,268.19,268.2575,25804.0,574.0,268.255074
AAPL,2025-11-18 20:10:00+00:00,268.24,268.44,268.19,268.34,44440.0,965.0,268.343755
AAPL,2025-11-18 20:11:00+00:00,268.42,268.42,268.235,268.29,44228.0,856.0,268.310862
AAPL,2025-11-18 20:12:00+00:00,268.32,268.3464,268.2,268.22,36914.0,741.0,268.257415
AAPL,2025-11-18 20:13:00+00:00,268.2,268.22,268.1087,268.2,45922.0,913.0,268.152055
AAPL,2025-11-18 20:14:00+00:00,268.2,268.31,268.12,268.28,52802.0,992.0,268.230828
AAPL,2025-11-18 20:15:00+00:00,268.27,268.44,268.24,268.42,37428.0,826.0,268.324368
AAPL,2025-11-18 20:16:00+00:00,268.41,268.52,268.23,268.32,38702.0,846.0,268.379948
AAPL,2025-11-18 20:17:00+00:00,268.325,268.5,268.27,268.285,55256.0,962.0,268.383434
AAPL,2025-11-18 20:18:00+00:00,268.27,268.34,268.18,268.26,42936.0,928.0,268.261895
AAPL,2025-11-18 20:19:00+00:00,268.27,268.31,268.1201,268.1201,51644.0,940.0,268.222092
AAPL,2025-11-18 20:20:00+00:00,268.16,268.285,268.12,268.27,34077.0,750.0,268.190846
AAPL,2025-11-18 20:21:00+00:00,268.27,268.4858,268.27,268.39,53312.0,1022.0,268.392647
AAPL,2025-11-18 20:22:00+00:00,268.38,268.47,268.36,268.43,34030.0,714.0,268.417833
AAPL,2025-11-18 20:23:00+00:00,268.4,268.44,268.35,268.37,33285.0,741.0,268.385849
AAPL,2025-11-18 20:24:00+00:00,268.37,268.3802,268.24,268.38,70316.0,1221.0,268.304455
AAPL,2025-11-18 20:25:00+00:00,268.385,268.39,268.16,268.23,75863.0,1594.0,268.286593
AAPL,2025-11-18 20:26:00+00:00,268.23,268.36,268.06,268.21,58510.0,1152.0,268.193288
AAPL,2025-11-18 20:27:00+00:00,268.19,268.2199,268.12,268.155,47772.0,912.0,268.167768
AAPL,2025-11-18 20:28:00+00:00,268.14,268.17,267.975,268.16,59956.0,1228.0,268.080041
AAPL,2025-11-18 20:29:00+00:00,268.14,268.29,268.08,268.28,65940.0,1206.0,268.195396
AAPL,2025-11-18 20:30:00+00:00,268.3,268.39,268.13,268.3,77827.0,1578.0,268.263197
AAPL,2025-11-18 20:31:00+00:00,268.3,268.35,268.09,268.13,41393.0,953.0,268.182806
AAPL,2025-11-18 20:32:00+00:00,268.14,268.205,268.095,268.1,32702.0,875.0,268.143159
AAPL,2025-11-18 20:33:00+00:00,268.1115,268.16,268.02,268.1,56671.0,1268.0,268.08434
AAPL,2025-11-18 20:34:00+00:00,268.09,268.12,267.93,267.96,51212.0,1205.0,268.032715
AAPL,2025-11-18 20:35:00+00:00,267.97,268.09,267.94,267.965,63766.0,1386.0,268.009543
AAPL,2025-11-18 20:36:00+00:00,267.965,268.05,267.94,268.0,83264.0,1472.0,267.988838
AAPL,2025-11-18 20:37:00+00:00,268.01,268.18,267.99,268.15,55410.0,1386.0,268.083885
AAPL,2025-11-18 20:38:00+00:00,268.15,268.37,268.13,268.31,77576.0,1719.0,268.238384
AAPL,2025-11-18 20:39:00+00:00,268.31,268.34,268.2,268.28,50924.0,1133.0,268.250556
AAPL,2025-11-18 20:40:00+00:00,268.27,268.43,268.12,268.12,84247.0,1280.0,268.316834
AAPL,2025-11-18 20:41:00+00:00,268.15,268.34,268.12,268.12,58235.0,1324.0,268.230969
AAPL,2025-11-18 20:42:00+00:00,268.16,268.16,267.97,268.01,56848.0,1163.0,268.044769
AAPL,2025-11-18 20:43:00+00:00,268.05,268.09,267.9,268.05,62192.0,1411.0,268.006927
AAPL,2025-11-18 20:44:00+00:00,268.0685,268.08,267.89,267.89,64493.0,1397.0,267.997621
AAPL,2025-11-18 20:45:00+00:00,267.93,268.02,267.87,267.93,65922.0,1336.0,267.943256
AAPL,2025-11-18 20:46:00+00:00,267.95,267.95,267.57,267.6235,63024.0,1249.0,267.752291
AAPL,2025-11-18 20:47:00+00:00,267.63,267.88,267.58,267.83,67636.0,1440.0,267.749096
AAPL,2025-11-18 20:48:00+00:00,267.84,267.91,267.71,267.83,93060.0,1876.0,267.795878
AAPL,2025-11-18 20:49:00+00:00,267.83,267.86,267.645,267.655,79414.0,1925.0,267.741429
AAPL,2025-11-18 20:50:00+00:00,267.66,268.09,267.66,268.08,182391.0,4334.0,267.919749
AAPL,2025-11-18 20:51:00+00:00,268.1,268.22,267.77,267.82,117141.0,2740.0,267.978341
AAPL,2025-11-18 20:52:00+00:00,267.85,267.93,267.78,267.81,87202.0,2357.0,267.861642
AAPL,2025-11-18 20:53:00+00:00,267.81,267.83,267.62,267.715,147926.0,3389.0,267.710687
AAPL,2025-11-18 20:54:00+00:00,267.7,267.82,267.39,267.71,222614.0,4266.0,267.736242
AAPL,2025-11-18 20:55:00+00:00,267.64,267.905,267.37,267.75,271078.0,5400.0,267.761134
AAPL,2025-11-18 20:56:00+00:00,267.745,267.8,267.62,267.68,208991.0,4460.0,267.702471
AAPL,2025-11-18 20:57:00+00:00,267.68,267.78,267.57,267.65,286236.0,5431.0,267.655454
AAPL,2025-11-18 20:58:00+00:00,267.65,267.76,267.34,267.51,514291.0,7792.0,267.507384
AAPL,2025-11-18 20:59:00+00:00,267.5,267.8,267.33,267.43,1024660.0,13844.0,267.550615
AAPL,2025-11-18 21:00:00+00:00,267.4098,267.95,267.4098,267.44,8780498.0,375.0,267.440046
AAPL,2025-11-18 21:01:00+00:00,267.02,267.47,266.69,267.0,24147.0,284.0,266.939134
AAPL,2025-11-18 21:02:00+00:00,267.06,267.26,266.75,266.75,44663.0,232.0,266.793991
AAPL,2025-11-18 21:03:00+00:00,266.98,267.2,266.96,267.2,24148.0,38.0,267.056838
AAPL,2025-11-18 21:04:00+00:00,267.2,267.44,267.15,267.37,107394.0,74.0,267.385049
AAPL,2025-11-18 21:05:00+00:00,267.4387,267.4387,267.4387,267.4387,1632876.0,50.0,267.4387
AAPL,2025-11-18 21:06:00+00:00,267.44,267.44,267.4,267.4,796.0,23.0,267.41023
AAPL,2025-11-18 21:07:00+00:00,267.35,267.35,267.27,267.27,211478.0,334.0,267.307868
AAPL,2025-11-18 21:08:00+00:00,267.1,267.3,267.1,267.3,653.0,19.0,267.202867
AAPL,2025-11-18 21:11:00+00:00,267.4037,267.4037,267.39,267.39,1137.0,32.0,267.400148
AAPL,2025-11-18 21:12:00+00:00,267.3,267.32,267.3,267.32,1502.0,32.0,267.318182
AAPL,2025-11-18 21:13:00+00:00,267.26,267.26,267.26,267.26,100969.0,52.0,267.26
AAPL,2025-11-18 21:14:00+00:00,267.29,267.3,267.26,267.3,1027.0,45.0,267.280595
AAPL,2025-11-18 21:15:00+00:00,267.25,267.25,267.2,267.2,1226.0,60.0,267.242948
AAPL,2025-11-18 21:16:00+00:00,267.2,267.2,267.2,267.2,514.0,39.0,267.2
AAPL,2025-11-18 21:17:00+00:00,267.0747,267.0747,267.0411,267.0411,1707.0,31.0,267.0467
AAPL,2025-11-18 21:19:00+00:00,267.16,267.2,267.12,267.2,800.0,22.0,267.154717
AAPL,2025-11-18 21:22:00+00:00,267.11,267.11,267.11,267.11,1305.0,42.0,267.11
AAPL,2025-11-18 21:23:00+00:00,267.0,267.17,267.0,267.17,1212.0,39.0,267.0425
AAPL,2025-11-18 21:25:00+00:00,267.19,267.19,267.19,267.19,324.0,16.0,267.19
AAPL,2025-11-18 21:26:00+00:00,267.3,267.3,267.3,267.3,252.0,14.0,267.3
AAPL,2025-11-18 21:27:00+00:00,267.22,267.22,267.2,267.2,1289.0,17.0,267.218182
AAPL,2025-11-18 21:28:00+00:00,267.19,267.19,267.1,267.11,1702.0,54.0,267.108584
AAPL,2025-11-18 21:31:00+00:00,267.0272,267.0272,267.0272,267.0272,213.0,16.0,267.0272
AAPL,2025-11-18 21:32:00+00:00,267.12,267.12,267.08,267.08,1241.0,50.0,267.093333
AAPL,2025-11-18 21:34:00+00:00,267.01,267.0762,267.01,267.0762,496.0,18.0,267.03655
AAPL,2025-11-18 21:36:00+00:00,267.06,267.06,267.06,267.06,128.0,14.0,267.06
AAPL,2025-11-18 21:38:00+00:00,267.29,267.3,267.21,267.21,1437.0,47.0,267.286072
AAPL,2025-11-18 21:39:00+00:00,267.24,267.24,267.24,267.24,367.0,23.0,267.24
AAPL,2025-11-18 21:42:00+00:00,267.2,267.2,267.2,267.2,220.0,11.0,267.2
AAPL,2025-11-18 21:43:00+00:00,267.14,267.28,267.13,267.28,4954.0,65.0,267.26582
AAPL,2025-11-18 21:47:00+00:00,267.2125,267.2125,267.15,267.15,519.0,12.0,267.167413
AAPL,2025-11-18 21:48:00+00:00,267.23,267.23,267.21,267.21,936.0,11.0,267.227503
AAPL,2025-11-18 21:50:00+00:00,267.44,267.44,267.24,267.2401,4241.0,45.0,267.410188
AAPL,2025-11-18 21:51:00+00:00,267.15,267.24,267.0,267.24,2166.0,70.0,267.161837
AAPL,2025-11-18 21:52:00+00:00,267.18,267.18,267.18,267.18,366.0,17.0,267.18
AAPL,2025-11-18 21:56:00+00:00,267.05,267.05,267.05,267.05,312.0,18.0,267.05
AAPL,2025-11-18 21:57:00+00:00,267.02,267.02,267.02,267.02,246.0,11.0,267.02
AAPL,2025-11-18 21:58:00+00:00,267.02,267.02,267.0,267.0,2266.0,76.0,267.007667
AAPL,2025-11-18 21:59:00+00:00,266.9725,266.9982,266.9725,266.9982,1285.0,14.0,266.99571
AAPL,2025-11-18 22:00:00+00:00,266.8052,266.9,266.8052,266.9,567.0,26.0,266.8526
AAPL,2025-11-18 22:02:00+00:00,266.9,266.9,266.9,266.9,907.0,33.0,266.9
AAPL,2025-11-18 22:06:00+00:00,266.7863,266.7863,266.7863,266.7863,203.0,9.0,266.7863
AAPL,2025-11-18 22:07:00+00:00,266.9,266.9,266.9,266.9,273.0,8.0,266.9
AAPL,2025-11-18 22:12:00+00:00,267.08,267.08,267.08,267.08,133.0,14.0,267.08
AAPL,2025-11-18 22:14:00+00:00,266.9,266.9,266.9,266.9,230.0,6.0,266.9
AAPL,2025-11-18 22:17:00+00:00,266.96,267.0,266.96,267.0,1240.0,34.0,266.990017
AAPL,2025-11-18 22:27:00+00:00,266.91,266.91,266.91,266.91,245.0,10.0,266.91
AAPL,2025-11-18 22:28:00+00:00,266.9999,266.9999,266.9999,266.9999,273.0,14.0,266.9999
AAPL,2025-11-18 22:29:00+00:00,266.9919,266.9919,266.99,266.99,612.0,7.0,266.990958
AAPL,2025-11-18 22:34:00+00:00,267.0,267.0,266.95,266.95,1692.0,9.0,266.988215
AAPL,2025-11-18 22:35:00+00:00,266.95,266.95,266.95,266.95,185.0,4.0,266.95
AAPL,2025-11-18 22:36:00+00:00,266.9,266.9,266.77,266.77,264.0,12.0,266.835
AAPL,2025-11-18 22:38:00+00:00,266.83,266.83,266.82,266.82,404.0,10.0,266.822625
AAPL,2025-11-18 22:40:00+00:00,266.86,266.86,266.86,266.86,233.0,9.0,266.86
AAPL,2025-11-18 22:42:00+00:00,266.83,266.83,266.83,266.83,274.0,18.0,266.83
AAPL,2025-11-18 22:46:00+00:00,266.85,266.85,266.85,266.85,320.0,8.0,266.85
AAPL,2025-11-18 22:49:00+00:00,266.85,266.85,266.85,266.85,420.0,10.0,266.85
AAPL,2025-11-18 22:51:00+00:00,266.9499,266.9499,266.9499,266.9499,1006.0,6.0,266.9499
AAPL,2025-11-18 22:52:00+00:00,266.9,266.9,266.83,266.83,1081.0,9.0,266.861126
AAPL,2025-11-18 22:56:00+00:00,266.9,266.9,266.9,266.9,525.0,7.0,266.9
AAPL,2025-11-18 23:00:00+00:00,266.95,267.25,266.95,267.25,1786.0,63.0,267.035233
AAPL,2025-11-18 23:01:00+00:00,267.24,267.37,267.24,267.37,3480.0,40.0,267.267682
AAPL,2025-11-18 23:02:00+00:00,267.3,267.39,267.3,267.39,1192.0,19.0,267.334612
AAPL,2025-11-18 23:04:00+00:00,267.4,267.44,267.4,267.43,2154.0,46.0,267.428654
AAPL,2025-11-18 23:05:00+00:00,267.6,267.96,267.6,267.96,1974.0,65.0,267.704444
AAPL,2025-11-18 23:06:00+00:00,267.58,267.9317,267.58,267.9317,421.0,8.0,267.760359
AAPL,2025-11-18 23:07:00+00:00,267.94,267.94,267.94,267.94,281.0,11.0,267.94
AAPL,2025-11-18 23:10:00+00:00,267.9308,267.9308,267.9308,267.9308,44467.0,8.0,267.9308
AAPL,2025-11-18 23:11:00+00:00,267.94,267.94,267.6,267.6,1395.0,20.0,267.89618
AAPL,2025-11-18 23:12:00+00:00,267.88,267.9,267.88,267.9,525.0,15.0,267.8925
AAPL,2025-11-18 23:13:00+00:00,267.64,267.64,267.64,267.64,582.0,11.0,267.64
AAPL,2025-11-18 23:14:00+00:00,267.64,267.64,267.6,267.6,646.0,10.0,267.629583
AAPL,2025-11-18 23:15:00+00:00,267.5675,267.5675,267.5675,267.5675,476.0,11.0,267.5675
AAPL,2025-11-18 23:16:00+00:00,267.64,267.67,267.64,267.67,791.0,18.0,267.647009
AAPL,2025-11-18 23:20:00+00:00,267.7,267.7,267.7,267.7,153.0,9.0,267.7
AAPL,2025-11-18 23:21:00+00:00,267.82,267.82,267.82,267.82,656.0,24.0,267.82
AAPL,2025-11-18 23:22:00+00:00,267.84,267.84,267.84,267.84,100.0,1.0,267.84
AAPL,2025-11-18 23:23:00+00:00,267.69,267.8387,267.67,267.8387,1086.0,30.0,267.73974
AAPL,2025-11-18 23:24:00+00:00,267.83,268.0,267.83,268.0,1388.0,50.0,267.919248
AAPL,2025-11-18 23:25:00+00:00,268.05,268.05,268.05,268.05,254.0,3.0,268.05
AAPL,2025-11-18 23:27:00+00:00,268.0,268.0,268.0,268.0,246.0,12.0,268.0
AAPL,2025-11-18 23:28:00+00:00,267.8,267.8,267.78,267.78,901.0,21.0,267.786667
AAPL,2025-11-18 23:29:00+00:00,267.81,267.81,267.76,267.76,649.0,15.0,267.776715
AAPL,2025-11-18 23:32:00+00:00,267.96,268.0,267.96,268.0,1532.0,20.0,267.99293
AAPL,2025-11-18 23:38:00+00:00,267.8999,267.8999,267.8999,267.8999,1119.0,5.0,267.8999
AAPL,2025-11-18 23:39:00+00:00,267.66,267.66,267.6,267.6,1534.0,51.0,267.631009
AAPL,2025-11-18 23:46:00+00:00,267.67,267.67,267.67,267.67,174.0,13.0,267.67
AAPL,2025-11-18 23:47:00+00:00,267.5546,267.5546,267.5546,267.5546,209.0,5.0,267.5546
AAPL,2025-11-18 23:50:00+00:00,267.66,267.6695,267.66,267.6695,340.0,18.0,267.66475
AAPL,2025-11-18 23:51:00+00:00,267.67,267.67,267.54,267.54,621.0,8.0,267.648333
AAPL,2025-11-18 23:54:00+00:00,267.58,267.58,267.58,267.58,239.0,7.0,267.58
AAPL,2025-11-18 23:55:00+00:00,267.55,267.55,267.55,267.55,351.0,9.0,267.55
